,index,size,isEmpty,peek_obj_type,calledMethod,pushInput,size_p,isEmpty_p,peek_obj_type_p,calledMethod_p,diff,testId,instanceId,Matched_LHS,RuleMatched_LHS,Matched,RuleMatched,Violated,RuleViolated
0,2,"size == ""3""","isEmpty == ""False""","peek_obj_type == ""class java.lang.Float""","calledMethod == ""push""","pushInput == ""class java.lang.Class""","size_p == ""2""","isEmpty_p == ""False""","peek_obj_type_p == ""class java.lang.Float""","calledMethod_p == ""push""",Yes,1597044274455:a8248408-51d2-4114-99ca-c8d9cfdfd97f,1597044274455:9a7010e9-46cf-4213-b929-cade0592455f,3,"['52', '56', '294']",5,"['164', '209', '349', '514', '519']",3,"['52', '56', '294']"
1,8,"size == ""2""","isEmpty == ""False""","peek_obj_type == ""class java.lang.Long""","calledMethod == ""push""","pushInput == ""class java.lang.Boolean""","size_p == ""1""","isEmpty_p == ""False""","peek_obj_type_p == ""class java.lang.Long""","calledMethod_p == ""push""",Yes,1597044274455:a8248408-51d2-4114-99ca-c8d9cfdfd97f,1597044274455:5a43a388-e7db-4172-9941-3c8b2890d9bc,0,,5,"['163', '164', '349', '469', '519']",0,
2,10,"size == ""2""","isEmpty == ""False""","peek_obj_type == ""class java.lang.Long""","calledMethod == ""push""","pushInput == ""class java.lang.Class""","size_p == ""1""","isEmpty_p == ""False""","peek_obj_type_p == ""class java.lang.Long""","calledMethod_p == ""pop""",Yes,1597044274455:a8248408-51d2-4114-99ca-c8d9cfdfd97f,1597044274455:5a43a388-e7db-4172-9941-3c8b2890d9bc,0,,2,"['349', '469']",0,
3,11,"size == ""3""","isEmpty == ""False""","peek_obj_type == ""class java.lang.Boolean""","calledMethod == ""push""","pushInput == ""class experiment.drivers.AlejaStackTestDriver""","size_p == ""2""","isEmpty_p == ""False""","peek_obj_type_p == ""class java.lang.Long""","calledMethod_p == ""push""",Yes,1597044274455:a8248408-51d2-4114-99ca-c8d9cfdfd97f,1597044274455:2a5b1798-dde6-454b-bf38-fd068def5bc7,0,,3,"['164', '349', '519']",0,
4,12,"size == ""2""","isEmpty == ""False""","peek_obj_type == ""class java.lang.Long""","calledMethod == ""pop""","pushInput == ""none""","size_p == ""3""","isEmpty_p == ""False""","peek_obj_type_p == ""class java.lang.Boolean""","calledMethod_p == ""push""",Yes,1597044274455:a8248408-51d2-4114-99ca-c8d9cfdfd97f,1597044274455:2a5b1798-dde6-454b-bf38-fd068def5bc7,0,,10,"['164', '195', '322', '519', '565', '616', '617', '618', '645', '653']",0,
5,14,"size == ""2""","isEmpty == ""False""","peek_obj_type == ""class java.lang.Long""","calledMethod == ""push""","pushInput == ""class java.lang.Float""","size_p == ""1""","isEmpty_p == ""False""","peek_obj_type_p == ""class java.lang.Long""","calledMethod_p == ""pop""",Yes,1597044274455:a8248408-51d2-4114-99ca-c8d9cfdfd97f,1597044274455:2a5b1798-dde6-454b-bf38-fd068def5bc7,9,"['54', '55', '57', '238', '239', '293', '295', '357', '603']",7,"['259', '349', '469', '584', '621', '622', '623']",9,"['54', '55', '57', '238', '239', '293', '295', '357', '603']"
6,19,"size == ""4""","isEmpty == ""False""","peek_obj_type == ""class experiment.drivers.AlejaStackTestDriver""","calledMethod == ""push""","pushInput == ""class java.lang.Float""","size_p == ""3""","isEmpty_p == ""False""","peek_obj_type_p == ""class java.lang.Boolean""","calledMethod_p == ""push""",Yes,1597044274454:5c0026a7-ec49-4525-9cb7-34b731bb9574,1597044274454:6aab9267-7da0-448f-9fef-9cb160e8174f,9,"['54', '55', '57', '238', '239', '293', '295', '357', '603']",8,"['164', '259', '349', '519', '584', '621', '622', '623']",9,"['54', '55', '57', '238', '239', '293', '295', '357', '603']"
7,20,"size == ""5""","isEmpty == ""False""","peek_obj_type == ""class java.lang.Float""","calledMethod == ""push""","pushInput == ""class experiment.drivers.AlejaStackTestDriver""","size_p == ""4""","isEmpty_p == ""False""","peek_obj_type_p == ""class experiment.drivers.AlejaStackTestDriver""","calledMethod_p == ""push""",Yes,1597044274454:5c0026a7-ec49-4525-9cb7-34b731bb9574,1597044274454:6aab9267-7da0-448f-9fef-9cb160e8174f,3,"['52', '56', '294']",5,"['164', '209', '349', '514', '519']",3,"['52', '56', '294']"
8,27,"size == ""2""","isEmpty == ""False""","peek_obj_type == ""class java.lang.Short""","calledMethod == ""push""","pushInput == ""class java.lang.Float""","size_p == ""1""","isEmpty_p == ""False""","peek_obj_type_p == ""class java.lang.Short""","calledMethod_p == ""push""",Yes,1597044274454:1a027014-a726-4eb9-a731-50f747e31565,1597044274454:9d4dcb56-ab60-4230-8df8-4cd98d3b6949,9,"['54', '55', '57', '238', '239', '293', '295', '357', '603']",10,"['163', '164', '259', '349', '469', '519', '584', '621', '622', '623']",9,"['54', '55', '57', '238', '239', '293', '295', '357', '603']"
9,28,"size == ""4""","isEmpty == ""False""","peek_obj_type == ""class java.lang.Class""","calledMethod == ""push""","pushInput == ""class experiment.drivers.AlejaStackTestDriver""","size_p == ""3""","isEmpty_p == ""False""","peek_obj_type_p == ""class java.lang.Float""","calledMethod_p == ""push""",Yes,1597044274454:1a027014-a726-4eb9-a731-50f747e31565,1597044274454:906ab1c0-dae7-49f6-8e82-1eaef1f2fdff,0,,3,"['164', '349', '519']",0,
10,30,"size == ""2""","isEmpty == ""False""","peek_obj_type == ""class experiment.drivers.AlejaStackTestDriver""","calledMethod == ""push""","pushInput == ""class java.lang.Short""","size_p == ""1""","isEmpty_p == ""False""","peek_obj_type_p == ""class experiment.drivers.AlejaStackTestDriver""","calledMethod_p == ""push""",Yes,1597044274454:1a027014-a726-4eb9-a731-50f747e31565,1597044274454:5c1f63eb-96d7-4c1e-aafe-5292dbec39a1,0,,5,"['163', '164', '349', '469', '519']",0,
11,31,"size == ""3""","isEmpty == ""False""","peek_obj_type == ""class java.lang.Short""","calledMethod == ""push""","pushInput == ""class experiment.drivers.AlejaStackTestDriver""","size_p == ""2""","isEmpty_p == ""False""","peek_obj_type_p == ""class experiment.drivers.AlejaStackTestDriver""","calledMethod_p == ""push""",Yes,1597044274454:1a027014-a726-4eb9-a731-50f747e31565,1597044274454:5c1f63eb-96d7-4c1e-aafe-5292dbec39a1,0,,3,"['164', '349', '519']",0,
12,32,"size == ""2""","isEmpty == ""False""","peek_obj_type == ""class experiment.drivers.AlejaStackTestDriver""","calledMethod == ""pop""","pushInput == ""none""","size_p == ""3""","isEmpty_p == ""False""","peek_obj_type_p == ""class java.lang.Short""","calledMethod_p == ""push""",Yes,1597044274454:1a027014-a726-4eb9-a731-50f747e31565,1597044274454:5c1f63eb-96d7-4c1e-aafe-5292dbec39a1,0,,10,"['164', '195', '322', '519', '565', '616', '617', '618', '645', '653']",0,
13,35,"size == ""2""","isEmpty == ""False""","peek_obj_type == ""class java.lang.Byte""","calledMethod == ""push""","pushInput == ""class java.lang.Float""","size_p == ""1""","isEmpty_p == ""False""","peek_obj_type_p == ""class java.lang.Byte""","calledMethod_p == ""push""",Yes,1597044274454:1a027014-a726-4eb9-a731-50f747e31565,1597044274454:478b4e2f-d31e-41f3-8ba8-405163c63fe1,9,"['54', '55', '57', '238', '239', '293', '295', '357', '603']",10,"['163', '164', '259', '349', '469', '519', '584', '621', '622', '623']",9,"['54', '55', '57', '238', '239', '293', '295', '357', '603']"
14,36,"size == ""2""","isEmpty == ""False""","peek_obj_type == ""class java.lang.Float""","calledMethod == ""push""","pushInput == ""class experiment.drivers.AlejaStackTestDriver""","size_p == ""1""","isEmpty_p == ""False""","peek_obj_type_p == ""class java.lang.Float""","calledMethod_p == ""push""",Yes,1597044274454:1a027014-a726-4eb9-a731-50f747e31565,1597044274454:17eb5acd-f0b2-4f32-aead-901550626941,3,"['52', '56', '294']",7,"['163', '164', '209', '349', '469', '514', '519']",3,"['52', '56', '294']"
15,39,"size == ""2""","isEmpty == ""False""","peek_obj_type == ""class java.lang.Float""","calledMethod == ""push""","pushInput == ""class java.lang.String""","size_p == ""1""","isEmpty_p == ""False""","peek_obj_type_p == ""class java.lang.Float""","calledMethod_p == ""pop""",Yes,1597044274453:d1488995-62a9-4253-b931-d48ef622d7a9,1597044274453:c3ea4ed4-5993-4345-8ccb-5bf6ab7f002f,3,"['52', '56', '294']",4,"['209', '349', '469', '514']",3,"['52', '56', '294']"
16,43,"size == ""3""","isEmpty == ""False""","peek_obj_type == ""class java.lang.Float""","calledMethod == ""push""","pushInput == ""class experiment.drivers.AlejaStackTestDriver""","size_p == ""2""","isEmpty_p == ""False""","peek_obj_type_p == ""class java.lang.Float""","calledMethod_p == ""push""",Yes,1597044274453:183267d2-f4ad-43b6-8d59-e27321fa60c2,1597044274453:c9ace00b-5bce-4544-91fd-2e5d7176e153,3,"['52', '56', '294']",5,"['164', '209', '349', '514', '519']",3,"['52', '56', '294']"
17,46,"size == ""2""","isEmpty == ""False""","peek_obj_type == ""class java.lang.Float""","calledMethod == ""push""","pushInput == ""class experiment.drivers.AlejaStackTestDriver""","size_p == ""1""","isEmpty_p == ""False""","peek_obj_type_p == ""class java.lang.Float""","calledMethod_p == ""pop""",Yes,1597044274452:7475ad97-dea5-453a-a744-d1ebfd20afb2,1597044274453:9e42f0f7-4d6b-4005-861a-d68a6b8bdb30,3,"['52', '56', '294']",4,"['209', '349', '469', '514']",3,"['52', '56', '294']"
18,47,"size == ""3""","isEmpty == ""False""","peek_obj_type == ""class java.lang.Float""","calledMethod == ""push""","pushInput == ""class java.lang.Double""","size_p == ""2""","isEmpty_p == ""False""","peek_obj_type_p == ""class java.lang.Float""","calledMethod_p == ""push""",Yes,1597044274452:7475ad97-dea5-453a-a744-d1ebfd20afb2,1597044274452:90b12418-8548-469b-81b2-c5d790db4a76,3,"['52', '56', '294']",5,"['164', '209', '349', '514', '519']",3,"['52', '56', '294']"
19,48,"size == ""2""","isEmpty == ""False""","peek_obj_type == ""class experiment.drivers.AlejaStackTestDriver""","calledMethod == ""push""","pushInput == ""class java.lang.Class""","size_p == ""1""","isEmpty_p == ""False""","peek_obj_type_p == ""class experiment.drivers.AlejaStackTestDriver""","calledMethod_p == ""push""",Yes,1597044274452:7475ad97-dea5-453a-a744-d1ebfd20afb2,1597044274452:90b12418-8548-469b-81b2-c5d790db4a76,0,,5,"['163', '164', '349', '469', '519']",0,
20,50,"size == ""2""","isEmpty == ""False""","peek_obj_type == ""class java.lang.Long""","calledMethod == ""push""","pushInput == ""class experiment.drivers.AlejaStackTestDriver""","size_p == ""1""","isEmpty_p == ""False""","peek_obj_type_p == ""class java.lang.Long""","calledMethod_p == ""pop""",Yes,1597044274452:7475ad97-dea5-453a-a744-d1ebfd20afb2,1597044274452:199c2b47-1ff6-4d10-aad4-59c1b77dd249,0,,2,"['349', '469']",0,
21,52,"size == ""4""","isEmpty == ""False""","peek_obj_type == ""class java.lang.Double""","calledMethod == ""push""","pushInput == ""class experiment.drivers.AlejaStackTestDriver""","size_p == ""3""","isEmpty_p == ""False""","peek_obj_type_p == ""class java.lang.Float""","calledMethod_p == ""push""",Yes,1597044274452:38df6050-20bb-4b6b-9a48-f4bb4227bc8e,1597044274452:30961749-9a71-40fa-b41b-631d516c41c7,0,,3,"['164', '349', '519']",0,
22,54,"size == ""3""","isEmpty == ""False""","peek_obj_type == ""class java.lang.Short""","calledMethod == ""push""","pushInput == ""class java.lang.Float""","size_p == ""2""","isEmpty_p == ""False""","peek_obj_type_p == ""class experiment.drivers.AlejaStackTestDriver""","calledMethod_p == ""push""",Yes,1597044274451:f38f31dc-8862-4bad-9eb4-fa9179a7f4a7,1597044274451:7d9f9402-31dc-431d-949e-5bac8c792167,9,"['54', '55', '57', '238', '239', '293', '295', '357', '603']",8,"['164', '259', '349', '519', '584', '621', '622', '623']",9,"['54', '55', '57', '238', '239', '293', '295', '357', '603']"
23,55,"size == ""4""","isEmpty == ""False""","peek_obj_type == ""class java.lang.Float""","calledMethod == ""push""","pushInput == ""class java.lang.Class""","size_p == ""3""","isEmpty_p == ""False""","peek_obj_type_p == ""class java.lang.Short""","calledMethod_p == ""push""",Yes,1597044274451:f38f31dc-8862-4bad-9eb4-fa9179a7f4a7,1597044274451:7d9f9402-31dc-431d-949e-5bac8c792167,3,"['52', '56', '294']",5,"['164', '209', '349', '514', '519']",3,"['52', '56', '294']"
24,56,"size == ""3""","isEmpty == ""False""","peek_obj_type == ""class java.lang.Short""","calledMethod == ""pop""","pushInput == ""none""","size_p == ""4""","isEmpty_p == ""False""","peek_obj_type_p == ""class java.lang.Float""","calledMethod_p == ""push""",Yes,1597044274451:f38f31dc-8862-4bad-9eb4-fa9179a7f4a7,1597044274451:7d9f9402-31dc-431d-949e-5bac8c792167,0,,10,"['164', '195', '322', '519', '565', '616', '617', '618', '645', '653']",0,
25,57,"size == ""4""","isEmpty == ""False""","peek_obj_type == ""class java.lang.Float""","calledMethod == ""push""","pushInput == ""class java.lang.Class""","size_p == ""3""","isEmpty_p == ""False""","peek_obj_type_p == ""class java.lang.Short""","calledMethod_p == ""pop""",Yes,1597044274451:f38f31dc-8862-4bad-9eb4-fa9179a7f4a7,1597044274451:7d9f9402-31dc-431d-949e-5bac8c792167,3,"['52', '56', '294']",3,"['209', '349', '514']",3,"['52', '56', '294']"
26,62,"size == ""2""","isEmpty == ""False""","peek_obj_type == ""class java.lang.Float""","calledMethod == ""push""","pushInput == ""class java.lang.Long""","size_p == ""1""","isEmpty_p == ""False""","peek_obj_type_p == ""class java.lang.Float""","calledMethod_p == ""push""",Yes,1597044274451:3be66e4d-792e-4a8d-aabe-53c3f44819ba,1597044274451:0cc1ce30-40c7-4222-a06c-f0133bfe68d3,3,"['52', '56', '294']",7,"['163', '164', '209', '349', '469', '514', '519']",3,"['52', '56', '294']"
27,70,"size == ""3""","isEmpty == ""False""","peek_obj_type == ""class java.lang.Float""","calledMethod == ""push""","pushInput == ""class experiment.drivers.AlejaStackTestDriver""","size_p == ""2""","isEmpty_p == ""False""","peek_obj_type_p == ""class java.lang.Float""","calledMethod_p == ""pop""",Yes,1597044274449:9f04d197-ab7a-481d-a68d-230fb9f01272,1597044274450:535fea68-64ab-4d20-a012-aa80abd9b8e8,3,"['52', '56', '294']",3,"['209', '349', '514']",3,"['52', '56', '294']"
28,71,"size == ""3""","isEmpty == ""False""","peek_obj_type == ""class java.lang.Float""","calledMethod == ""push""","pushInput == ""class java.lang.Object""","size_p == ""2""","isEmpty_p == ""False""","peek_obj_type_p == ""class java.lang.Float""","calledMethod_p == ""pop""",Yes,1597044274449:9f04d197-ab7a-481d-a68d-230fb9f01272,1597044274450:535fea68-64ab-4d20-a012-aa80abd9b8e8,3,"['52', '56', '294']",3,"['209', '349', '514']",3,"['52', '56', '294']"
29,72,"size == ""3""","isEmpty == ""False""","peek_obj_type == ""class java.lang.Float""","calledMethod == ""push""","pushInput == ""class java.lang.Class""","size_p == ""2""","isEmpty_p == ""False""","peek_obj_type_p == ""class java.lang.Short""","calledMethod_p == ""push""",Yes,1597044274448:6fbaa2a1-1ce7-4e5f-8da7-f1ebf5f92210,1597044274448:b0e31cd5-69ba-43a6-a845-79c8fbb7725b,3,"['52', '56', '294']",5,"['164', '209', '349', '514', '519']",3,"['52', '56', '294']"
30,73,"size == ""2""","isEmpty == ""False""","peek_obj_type == ""class java.lang.String""","calledMethod == ""push""","pushInput == ""class experiment.drivers.AlejaStackTestDriver""","size_p == ""1""","isEmpty_p == ""False""","peek_obj_type_p == ""class java.lang.String""","calledMethod_p == ""push""",Yes,1597044274448:6fbaa2a1-1ce7-4e5f-8da7-f1ebf5f92210,1597044274448:908ab386-d2cc-4a71-a761-788854014c48,0,,5,"['163', '164', '349', '469', '519']",0,
31,74,"size == ""3""","isEmpty == ""False""","peek_obj_type == ""class experiment.drivers.AlejaStackTestDriver""","calledMethod == ""push""","pushInput == ""class java.lang.Byte""","size_p == ""2""","isEmpty_p == ""False""","peek_obj_type_p == ""class java.lang.Float""","calledMethod_p == ""push""",Yes,1597044274448:6fbaa2a1-1ce7-4e5f-8da7-f1ebf5f92210,1597044274448:05a3a965-2eb0-4bbb-90cf-ca32c04850c1,0,,3,"['164', '349', '519']",0,
32,75,"size == ""4""","isEmpty == ""False""","peek_obj_type == ""class java.lang.Byte""","calledMethod == ""push""","pushInput == ""class java.lang.Class""","size_p == ""3""","isEmpty_p == ""False""","peek_obj_type_p == ""class experiment.drivers.AlejaStackTestDriver""","calledMethod_p == ""push""",Yes,1597044274448:6fbaa2a1-1ce7-4e5f-8da7-f1ebf5f92210,1597044274448:05a3a965-2eb0-4bbb-90cf-ca32c04850c1,0,,3,"['164', '349', '519']",0,
33,76,"size == ""3""","isEmpty == ""False""","peek_obj_type == ""class experiment.drivers.AlejaStackTestDriver""","calledMethod == ""pop""","pushInput == ""none""","size_p == ""4""","isEmpty_p == ""False""","peek_obj_type_p == ""class java.lang.Byte""","calledMethod_p == ""push""",Yes,1597044274448:6fbaa2a1-1ce7-4e5f-8da7-f1ebf5f92210,1597044274448:05a3a965-2eb0-4bbb-90cf-ca32c04850c1,0,,10,"['164', '195', '322', '519', '565', '616', '617', '618', '645', '653']",0,
34,77,"size == ""2""","isEmpty == ""False""","peek_obj_type == ""class java.lang.Float""","calledMethod == ""pop""","pushInput == ""none""","size_p == ""3""","isEmpty_p == ""False""","peek_obj_type_p == ""class experiment.drivers.AlejaStackTestDriver""","calledMethod_p == ""pop""",Yes,1597044274448:6fbaa2a1-1ce7-4e5f-8da7-f1ebf5f92210,1597044274448:05a3a965-2eb0-4bbb-90cf-ca32c04850c1,0,,3,"['195', '209', '322']",0,
35,78,"size == ""2""","isEmpty == ""False""","peek_obj_type == ""class java.lang.Byte""","calledMethod == ""push""","pushInput == ""class java.lang.Boolean""","size_p == ""1""","isEmpty_p == ""False""","peek_obj_type_p == ""class java.lang.Byte""","calledMethod_p == ""push""",Yes,1597044274448:116eea75-fd48-482f-9b93-b0b7c3df67a9,1597044274449:c9e6a903-5ad6-419e-86b9-eacc343018e6,0,,5,"['163', '164', '349', '469', '519']",0,
36,83,"size == ""2""","isEmpty == ""False""","peek_obj_type == ""class java.lang.Long""","calledMethod == ""push""","pushInput == ""class java.lang.Byte""","size_p == ""1""","isEmpty_p == ""False""","peek_obj_type_p == ""class java.lang.Long""","calledMethod_p == ""pop""",Yes,1597044274447:640d096f-3855-4cc3-87de-f32858603364,1597044274448:ce3ce391-1bc4-4c24-88ba-8d00486ac1b8,0,,2,"['349', '469']",0,
37,85,"size == ""3""","isEmpty == ""False""","peek_obj_type == ""class java.lang.Boolean""","calledMethod == ""push""","pushInput == ""class java.lang.Long""","size_p == ""2""","isEmpty_p == ""False""","peek_obj_type_p == ""class java.lang.Long""","calledMethod_p == ""push""",Yes,1597044274447:640d096f-3855-4cc3-87de-f32858603364,1597044274447:fb9fd54a-745f-44f8-a95d-b62235987f5f,0,,3,"['164', '349', '519']",0,
38,86,"size == ""2""","isEmpty == ""False""","peek_obj_type == ""class java.lang.Short""","calledMethod == ""push""","pushInput == ""class java.lang.Double""","size_p == ""1""","isEmpty_p == ""False""","peek_obj_type_p == ""class java.lang.Short""","calledMethod_p == ""push""",Yes,1597044274447:640d096f-3855-4cc3-87de-f32858603364,1597044274447:4dc7d0b7-39cc-4fdb-95c6-e107fbef078e,0,,5,"['163', '164', '349', '469', '519']",0,
39,87,"size == ""3""","isEmpty == ""False""","peek_obj_type == ""class java.lang.Double""","calledMethod == ""push""","pushInput == ""class java.lang.Boolean""","size_p == ""2""","isEmpty_p == ""False""","peek_obj_type_p == ""class java.lang.Short""","calledMethod_p == ""push""",Yes,1597044274447:640d096f-3855-4cc3-87de-f32858603364,1597044274447:4dc7d0b7-39cc-4fdb-95c6-e107fbef078e,0,,3,"['164', '349', '519']",0,
40,88,"size == ""4""","isEmpty == ""False""","peek_obj_type == ""class java.lang.Boolean""","calledMethod == ""push""","pushInput == ""class experiment.drivers.AlejaStackTestDriver""","size_p == ""3""","isEmpty_p == ""False""","peek_obj_type_p == ""class java.lang.Double""","calledMethod_p == ""push""",Yes,1597044274447:640d096f-3855-4cc3-87de-f32858603364,1597044274447:4dc7d0b7-39cc-4fdb-95c6-e107fbef078e,0,,3,"['164', '349', '519']",0,
41,91,"size == ""3""","isEmpty == ""False""","peek_obj_type == ""class java.lang.Float""","calledMethod == ""push""","pushInput == ""class java.lang.Class""","size_p == ""2""","isEmpty_p == ""False""","peek_obj_type_p == ""class java.lang.Float""","calledMethod_p == ""pop""",Yes,1597044274447:556fac5a-643f-49b9-9e3e-079b134dbeed,1597044274447:e3dc933d-2fc3-4f96-bd7e-cfafcc06364a,3,"['52', '56', '294']",3,"['209', '349', '514']",3,"['52', '56', '294']"
42,92,"size == ""4""","isEmpty == ""False""","peek_obj_type == ""class java.lang.Class""","calledMethod == ""push""","pushInput == ""class java.lang.Boolean""","size_p == ""3""","isEmpty_p == ""False""","peek_obj_type_p == ""class java.lang.Float""","calledMethod_p == ""push""",Yes,1597044274447:556fac5a-643f-49b9-9e3e-079b134dbeed,1597044274447:e3dc933d-2fc3-4f96-bd7e-cfafcc06364a,0,,3,"['164', '349', '519']",0,
43,93,"size == ""3""","isEmpty == ""False""","peek_obj_type == ""class java.lang.Float""","calledMethod == ""pop""","pushInput == ""none""","size_p == ""4""","isEmpty_p == ""False""","peek_obj_type_p == ""class java.lang.Class""","calledMethod_p == ""push""",Yes,1597044274447:556fac5a-643f-49b9-9e3e-079b134dbeed,1597044274447:e3dc933d-2fc3-4f96-bd7e-cfafcc06364a,0,,11,"['164', '195', '209', '322', '519', '565', '616', '617', '618', '645', '653']",0,
44,95,"size == ""2""","isEmpty == ""False""","peek_obj_type == ""class java.lang.Long""","calledMethod == ""push""","pushInput == ""class experiment.drivers.AlejaStackTestDriver""","size_p == ""1""","isEmpty_p == ""False""","peek_obj_type_p == ""class java.lang.Long""","calledMethod_p == ""push""",Yes,1597044274446:e302c9ab-6340-4369-ae1b-1a8724c8f1cd,1597044274446:ad62035f-c2c5-4346-8928-dc20a9c6eda7,0,,5,"['163', '164', '349', '469', '519']",0,
45,97,"size == ""3""","isEmpty == ""False""","peek_obj_type == ""class java.lang.Float""","calledMethod == ""push""","pushInput == ""class experiment.drivers.AlejaStackTestDriver""","size_p == ""2""","isEmpty_p == ""False""","peek_obj_type_p == ""class java.lang.Short""","calledMethod_p == ""push""",Yes,1597044274446:e302c9ab-6340-4369-ae1b-1a8724c8f1cd,1597044274446:5b30e01f-fac0-428e-b6b3-c3c290de5079,3,"['52', '56', '294']",5,"['164', '209', '349', '514', '519']",3,"['52', '56', '294']"
46,98,"size == ""2""","isEmpty == ""False""","peek_obj_type == ""class java.lang.Float""","calledMethod == ""push""","pushInput == ""class java.lang.Integer""","size_p == ""1""","isEmpty_p == ""False""","peek_obj_type_p == ""class java.lang.Float""","calledMethod_p == ""push""",Yes,1597044274446:0223dd22-19ff-4e5e-9e00-b4f48a975708,1597044274446:4891fe3d-50a9-48a6-9766-ceadb9120288,3,"['52', '56', '294']",7,"['163', '164', '209', '349', '469', '514', '519']",3,"['52', '56', '294']"
47,104,"size == ""2""","isEmpty == ""False""","peek_obj_type == ""class java.lang.String""","calledMethod == ""push""","pushInput == ""class java.lang.Long""","size_p == ""1""","isEmpty_p == ""False""","peek_obj_type_p == ""class java.lang.String""","calledMethod_p == ""push""",Yes,1597044274443:01004c57-6771-4545-b036-6ad9524d99a8,1597044274443:5ff97d9d-e716-4ae3-a27d-0365b8d28274,0,,5,"['163', '164', '349', '469', '519']",0,
48,105,"size == ""3""","isEmpty == ""False""","peek_obj_type == ""class java.lang.Long""","calledMethod == ""push""","pushInput == ""class java.lang.Integer""","size_p == ""2""","isEmpty_p == ""False""","peek_obj_type_p == ""class java.lang.String""","calledMethod_p == ""push""",Yes,1597044274443:01004c57-6771-4545-b036-6ad9524d99a8,1597044274443:5ff97d9d-e716-4ae3-a27d-0365b8d28274,0,,3,"['164', '349', '519']",0,
49,106,"size == ""4""","isEmpty == ""False""","peek_obj_type == ""class java.lang.Integer""","calledMethod == ""push""","pushInput == ""class experiment.drivers.AlejaStackTestDriver""","size_p == ""3""","isEmpty_p == ""False""","peek_obj_type_p == ""class java.lang.Long""","calledMethod_p == ""push""",Yes,1597044274443:01004c57-6771-4545-b036-6ad9524d99a8,1597044274443:5ff97d9d-e716-4ae3-a27d-0365b8d28274,0,,3,"['164', '349', '519']",0,
50,108,"size == ""3""","isEmpty == ""False""","peek_obj_type == ""class java.lang.Boolean""","calledMethod == ""push""","pushInput == ""class java.lang.Class""","size_p == ""2""","isEmpty_p == ""False""","peek_obj_type_p == ""class java.lang.Long""","calledMethod_p == ""push""",Yes,1597044274442:730e3d52-ec11-49ac-bf7a-6b970f287a14,1597044274442:6fd750f4-8cb2-46c0-bee1-07f297c96efe,0,,3,"['164', '349', '519']",0,
51,112,"size == ""3""","isEmpty == ""False""","peek_obj_type == ""class java.lang.Float""","calledMethod == ""push""","pushInput == ""class java.lang.Boolean""","size_p == ""2""","isEmpty_p == ""False""","peek_obj_type_p == ""class java.lang.Float""","calledMethod_p == ""pop""",Yes,1597044274440:87cbf5ce-297c-4eba-ada5-9755247e41b3,1597044274441:ed358c14-e5c7-4e85-a67d-c75ee9913d61,3,"['52', '56', '294']",3,"['209', '349', '514']",3,"['52', '56', '294']"
52,113,"size == ""3""","isEmpty == ""False""","peek_obj_type == ""class java.lang.Double""","calledMethod == ""push""","pushInput == ""class java.lang.Class""","size_p == ""2""","isEmpty_p == ""False""","peek_obj_type_p == ""class java.lang.Short""","calledMethod_p == ""push""",Yes,1597044274440:87cbf5ce-297c-4eba-ada5-9755247e41b3,1597044274441:5bfc3661-e060-4608-88b9-014c6917bac4,0,,3,"['164', '349', '519']",0,
53,114,"size == ""3""","isEmpty == ""False""","peek_obj_type == ""class java.lang.Long""","calledMethod == ""push""","pushInput == ""class experiment.drivers.AlejaStackTestDriver""","size_p == ""2""","isEmpty_p == ""False""","peek_obj_type_p == ""class java.lang.Float""","calledMethod_p == ""push""",Yes,1597044274440:87cbf5ce-297c-4eba-ada5-9755247e41b3,1597044274441:521fcc3f-cdda-4057-9579-069c669d7417,0,,3,"['164', '349', '519']",0,
54,115,"size == ""3""","isEmpty == ""False""","peek_obj_type == ""class experiment.drivers.AlejaStackTestDriver""","calledMethod == ""push""","pushInput == ""class java.lang.Class""","size_p == ""2""","isEmpty_p == ""False""","peek_obj_type_p == ""class java.lang.Float""","calledMethod_p == ""push""",Yes,1597044274440:87cbf5ce-297c-4eba-ada5-9755247e41b3,1597044274441:520a80db-242e-406b-b0a1-648d21a715fb,0,,3,"['164', '349', '519']",0,
55,119,"size == ""4""","isEmpty == ""False""","peek_obj_type == ""class experiment.drivers.AlejaStackTestDriver""","calledMethod == ""push""","pushInput == ""class java.lang.Short""","size_p == ""3""","isEmpty_p == ""False""","peek_obj_type_p == ""class java.lang.Float""","calledMethod_p == ""push""",Yes,1597044274439:b941ad9f-8f0f-4ee2-9475-07133bb7caab,1597044274439:383fd359-ce07-453a-9ccd-7abf9177716e,0,,3,"['164', '349', '519']",0,
56,120,"size == ""5""","isEmpty == ""False""","peek_obj_type == ""class java.lang.Short""","calledMethod == ""push""","pushInput == ""class experiment.drivers.AlejaStackTestDriver""","size_p == ""4""","isEmpty_p == ""False""","peek_obj_type_p == ""class experiment.drivers.AlejaStackTestDriver""","calledMethod_p == ""push""",Yes,1597044274439:b941ad9f-8f0f-4ee2-9475-07133bb7caab,1597044274439:383fd359-ce07-453a-9ccd-7abf9177716e,0,,3,"['164', '349', '519']",0,
57,121,"size == ""6""","isEmpty == ""False""","peek_obj_type == ""class experiment.drivers.AlejaStackTestDriver""","calledMethod == ""push""","pushInput == ""class java.lang.Long""","size_p == ""5""","isEmpty_p == ""False""","peek_obj_type_p == ""class java.lang.Short""","calledMethod_p == ""push""",Yes,1597044274439:b941ad9f-8f0f-4ee2-9475-07133bb7caab,1597044274439:383fd359-ce07-453a-9ccd-7abf9177716e,0,,3,"['164', '349', '519']",0,
58,123,"size == ""2""","isEmpty == ""False""","peek_obj_type == ""class java.lang.Byte""","calledMethod == ""push""","pushInput == ""class experiment.drivers.AlejaStackTestDriver""","size_p == ""1""","isEmpty_p == ""False""","peek_obj_type_p == ""class java.lang.Byte""","calledMethod_p == ""pop""",Yes,1597044274439:1b5ff639-c664-4743-8376-c6b63114c84c,1597044274439:da77ef17-ac13-4d17-9b9f-9d61e214834b,0,,2,"['349', '469']",0,
59,129,"size == ""2""","isEmpty == ""False""","peek_obj_type == ""class java.lang.Short""","calledMethod == ""pop""","pushInput == ""none""","size_p == ""3""","isEmpty_p == ""False""","peek_obj_type_p == ""class java.lang.Double""","calledMethod_p == ""push""",Yes,1597044274436:b0f9a290-b2b6-4928-9bdf-5deaa5ff1d48,1597044274436:b27bb558-d4d4-482e-9259-fb277a452315,0,,10,"['164', '195', '322', '519', '565', '616', '617', '618', '645', '653']",0,
60,131,"size == ""3""","isEmpty == ""False""","peek_obj_type == ""class java.lang.Boolean""","calledMethod == ""push""","pushInput == ""class experiment.drivers.AlejaStackTestDriver""","size_p == ""2""","isEmpty_p == ""False""","peek_obj_type_p == ""class java.lang.Long""","calledMethod_p == ""pop""",Yes,1597044274436:b0f9a290-b2b6-4928-9bdf-5deaa5ff1d48,1597044274436:91e202ed-5412-4386-bdcd-5d3139d0975a,0,,1,['349'],0,
61,134,"size == ""3""","isEmpty == ""False""","peek_obj_type == ""class java.lang.Double""","calledMethod == ""push""","pushInput == ""class experiment.drivers.AlejaStackTestDriver""","size_p == ""2""","isEmpty_p == ""False""","peek_obj_type_p == ""class java.lang.Short""","calledMethod_p == ""pop""",Yes,1597044274436:0b7ff653-afb3-4ded-9e96-1c7ff7ad9ac1,1597044274436:54a31686-c94d-4d35-9087-79ccc04082d2,0,,1,['349'],0,
62,135,"size == ""2""","isEmpty == ""False""","peek_obj_type == ""class java.lang.Long""","calledMethod == ""push""","pushInput == ""class java.lang.Integer""","size_p == ""1""","isEmpty_p == ""False""","peek_obj_type_p == ""class java.lang.Long""","calledMethod_p == ""pop""",Yes,1597044274435:d9829ffb-5d7c-4cf9-8646-f508a097529c,1597044274435:1625a602-858c-4177-bbcc-5f613ec5356f,0,,2,"['349', '469']",0,
63,137,"size == ""3""","isEmpty == ""False""","peek_obj_type == ""class java.lang.Boolean""","calledMethod == ""pop""","pushInput == ""none""","size_p == ""4""","isEmpty_p == ""False""","peek_obj_type_p == ""class experiment.drivers.AlejaStackTestDriver""","calledMethod_p == ""push""",Yes,1597044274434:931fec42-3c47-4ab3-9c33-67b361dc97a1,1597044274434:0bf9c809-b56e-4050-b4e1-96e4dab6a9da,0,,10,"['164', '195', '322', '519', '565', '616', '617', '618', '645', '653']",0,
64,139,"size == ""4""","isEmpty == ""False""","peek_obj_type == ""class java.lang.Byte""","calledMethod == ""push""","pushInput == ""class experiment.drivers.AlejaStackTestDriver""","size_p == ""3""","isEmpty_p == ""False""","peek_obj_type_p == ""class experiment.drivers.AlejaStackTestDriver""","calledMethod_p == ""push""",Yes,1597044274433:ae845a7f-ea9a-4080-8579-81f562fd3468,1597044274433:923eecf7-b37d-4da7-b804-419f94f4c1ff,0,,3,"['164', '349', '519']",0,
65,142,"size == ""3""","isEmpty == ""False""","peek_obj_type == ""class java.lang.Short""","calledMethod == ""push""","pushInput == ""class java.lang.Class""","size_p == ""2""","isEmpty_p == ""False""","peek_obj_type_p == ""class experiment.drivers.AlejaStackTestDriver""","calledMethod_p == ""pop""",Yes,1597044274431:364dd182-0475-4a01-a473-9699f584d3ed,1597044274431:c2794562-fa80-480e-9821-e73d631454e4,0,,1,['349'],0,
66,144,"size == ""3""","isEmpty == ""False""","peek_obj_type == ""class java.lang.Class""","calledMethod == ""push""","pushInput == ""class experiment.drivers.AlejaStackTestDriver""","size_p == ""2""","isEmpty_p == ""False""","peek_obj_type_p == ""class experiment.drivers.AlejaStackTestDriver""","calledMethod_p == ""push""",Yes,1597044274430:2ba3715f-05ef-40ec-b4a4-715932900523,1597044274430:9f0f1b39-fa45-4bed-ba41-f1fcc8706395,0,,3,"['164', '349', '519']",0,
67,145,"size == ""4""","isEmpty == ""False""","peek_obj_type == ""class java.lang.Float""","calledMethod == ""push""","pushInput == ""class experiment.drivers.AlejaStackTestDriver""","size_p == ""3""","isEmpty_p == ""False""","peek_obj_type_p == ""class java.lang.Short""","calledMethod_p == ""pop""",Yes,1597044274429:f4a3363d-1048-459a-9634-04ec9a98d327,1597044274429:4ebb20e7-c353-4232-b01b-54b4f401532e,3,"['52', '56', '294']",3,"['209', '349', '514']",3,"['52', '56', '294']"
68,146,"size == ""2""","isEmpty == ""False""","peek_obj_type == ""class experiment.drivers.AlejaStackTestDriver""","calledMethod == ""pop""","pushInput == ""none""","size_p == ""3""","isEmpty_p == ""False""","peek_obj_type_p == ""class java.lang.Short""","calledMethod_p == ""pop""",Yes,1597044274429:f4a3363d-1048-459a-9634-04ec9a98d327,1597044274429:4ebb20e7-c353-4232-b01b-54b4f401532e,0,,2,"['195', '322']",0,
69,148,"size == ""2""","isEmpty == ""False""","peek_obj_type == ""class java.lang.Float""","calledMethod == ""pop""","pushInput == ""none""","size_p == ""3""","isEmpty_p == ""False""","peek_obj_type_p == ""class experiment.drivers.AlejaStackTestDriver""","calledMethod_p == ""push""",Yes,1597044274427:6d3b5378-4627-4db4-b061-01dd8271ed0b,1597044274427:e333686b-20fc-4eca-b6a5-45ff4f73b519,0,,11,"['164', '195', '209', '322', '519', '565', '616', '617', '618', '645', '653']",0,
70,149,"size == ""2""","isEmpty == ""False""","peek_obj_type == ""class java.lang.Float""","calledMethod == ""push""","pushInput == ""class java.lang.Class""","size_p == ""1""","isEmpty_p == ""False""","peek_obj_type_p == ""class java.lang.Float""","calledMethod_p == ""pop""",Yes,1597044274427:16a715a4-a9ae-41bc-9260-84930d3186bb,1597044274427:c119c689-74fd-4e07-aeb3-a6d85cd2beb8,3,"['52', '56', '294']",4,"['209', '349', '469', '514']",3,"['52', '56', '294']"
71,150,"size == ""3""","isEmpty == ""False""","peek_obj_type == ""class java.lang.Float""","calledMethod == ""push""","pushInput == ""class experiment.drivers.AlejaStackTestDriver""","size_p == ""2""","isEmpty_p == ""False""","peek_obj_type_p == ""class java.lang.Byte""","calledMethod_p == ""push""",Yes,1597044274421:3b71363d-15a8-429c-b328-c857f052adbe,1597044274421:00ece237-6054-4b88-8981-675f088135c6,3,"['52', '56', '294']",5,"['164', '209', '349', '514', '519']",3,"['52', '56', '294']"
72,151,"size == ""2""","isEmpty == ""False""","peek_obj_type == ""class java.lang.Short""","calledMethod == ""pop""","pushInput == ""none""","size_p == ""3""","isEmpty_p == ""False""","peek_obj_type_p == ""class java.lang.Float""","calledMethod_p == ""push""",Yes,1597044274421:00e71a98-6e29-46bf-ba5b-f6ce817810f9,1597044274421:f385bbae-c696-4bf8-90a5-dfb37663dd14,0,,10,"['164', '195', '322', '519', '565', '616', '617', '618', '645', '653']",0,
73,154,"size == ""2""","isEmpty == ""False""","peek_obj_type == ""class java.lang.Double""","calledMethod == ""push""","pushInput == ""class experiment.drivers.AlejaStackTestDriver""","size_p == ""1""","isEmpty_p == ""False""","peek_obj_type_p == ""class java.lang.Double""","calledMethod_p == ""push""",Yes,1597044274419:04a0c4c3-b206-486a-a041-d06cd79c1e0d,1597044274419:fe682309-26fe-4e86-9e47-413e1a6f5fc9,0,,5,"['163', '164', '349', '469', '519']",0,
74,156,"size == ""3""","isEmpty == ""False""","peek_obj_type == ""class java.lang.Double""","calledMethod == ""push""","pushInput == ""class experiment.drivers.AlejaStackTestDriver""","size_p == ""2""","isEmpty_p == ""False""","peek_obj_type_p == ""class java.lang.Short""","calledMethod_p == ""push""",Yes,1597044274418:95141376-9c24-4186-94dd-49ef445f5457,1597044274418:59459999-0199-4f1a-b6dd-fe163354e83d,0,,3,"['164', '349', '519']",0,
75,158,"size == ""2""","isEmpty == ""False""","peek_obj_type == ""class java.lang.Short""","calledMethod == ""push""","pushInput == ""class experiment.drivers.AlejaStackTestDriver""","size_p == ""1""","isEmpty_p == ""False""","peek_obj_type_p == ""class java.lang.Short""","calledMethod_p == ""push""",Yes,1597044274414:2d053602-16a7-45cf-9e9e-58936f507d01,1597044274414:f0ee6a24-3c28-4d01-be08-7268c748d46f,0,,5,"['163', '164', '349', '469', '519']",0,
76,159,"size == ""2""","isEmpty == ""False""","peek_obj_type == ""class java.lang.Byte""","calledMethod == ""push""","pushInput == ""class java.lang.Long""","size_p == ""1""","isEmpty_p == ""False""","peek_obj_type_p == ""class java.lang.Byte""","calledMethod_p == ""push""",Yes,1597044274414:1a4efd74-0cdd-40ad-a0ba-3ec99d4c87a6,1597044274414:70a7f4f4-9d34-4785-a2f8-78450a6e946e,0,,5,"['163', '164', '349', '469', '519']",0,
77,161,"size == ""4""","isEmpty == ""False""","peek_obj_type == ""class java.lang.Class""","calledMethod == ""push""","pushInput == ""class java.lang.Float""","size_p == ""3""","isEmpty_p == ""False""","peek_obj_type_p == ""class java.lang.Float""","calledMethod_p == ""push""",Yes,1597044274412:b207176a-b52b-4f44-be9b-8636f117e4f1,1597044274412:dc43c221-34ba-46ef-99dc-ae542ec61e86,9,"['54', '55', '57', '238', '239', '293', '295', '357', '603']",8,"['164', '259', '349', '519', '584', '621', '622', '623']",9,"['54', '55', '57', '238', '239', '293', '295', '357', '603']"
78,162,"size == ""5""","isEmpty == ""False""","peek_obj_type == ""class java.lang.Float""","calledMethod == ""push""","pushInput == ""class experiment.drivers.AlejaStackTestDriver""","size_p == ""4""","isEmpty_p == ""False""","peek_obj_type_p == ""class java.lang.Class""","calledMethod_p == ""push""",Yes,1597044274412:b207176a-b52b-4f44-be9b-8636f117e4f1,1597044274412:dc43c221-34ba-46ef-99dc-ae542ec61e86,3,"['52', '56', '294']",5,"['164', '209', '349', '514', '519']",3,"['52', '56', '294']"
79,164,"size == ""5""","isEmpty == ""False""","peek_obj_type == ""class java.lang.Float""","calledMethod == ""pop""","pushInput == ""none""","size_p == ""6""","isEmpty_p == ""False""","peek_obj_type_p == ""class experiment.drivers.AlejaStackTestDriver""","calledMethod_p == ""push""",Yes,1597044274412:b207176a-b52b-4f44-be9b-8636f117e4f1,1597044274412:dc43c221-34ba-46ef-99dc-ae542ec61e86,0,,11,"['164', '195', '209', '322', '519', '565', '616', '617', '618', '645', '653']",0,
80,166,"size == ""2""","isEmpty == ""False""","peek_obj_type == ""class java.lang.String""","calledMethod == ""pop""","pushInput == ""none""","size_p == ""3""","isEmpty_p == ""False""","peek_obj_type_p == ""class java.lang.Long""","calledMethod_p == ""push""",Yes,1597044274411:839bcd50-e6c3-48fa-9b34-19d43fc6a855,1597044274412:8e485625-3a1e-45f6-b7f8-cf9f8d17d314,0,,10,"['164', '195', '322', '519', '565', '616', '617', '618', '645', '653']",0,
81,168,"size == ""4""","isEmpty == ""False""","peek_obj_type == ""class java.lang.Class""","calledMethod == ""push""","pushInput == ""class experiment.drivers.AlejaStackTestDriver""","size_p == ""3""","isEmpty_p == ""False""","peek_obj_type_p == ""class java.lang.Float""","calledMethod_p == ""pop""",Yes,1597044274411:839bcd50-e6c3-48fa-9b34-19d43fc6a855,1597044274411:70099702-4584-48bd-9043-95a0e0268a97,0,,1,['349'],0,
82,170,"size == ""2""","isEmpty == ""False""","peek_obj_type == ""class experiment.drivers.AlejaStackTestDriver""","calledMethod == ""pop""","pushInput == ""none""","size_p == ""3""","isEmpty_p == ""False""","peek_obj_type_p == ""class java.lang.Class""","calledMethod_p == ""push""",Yes,1597044274409:0e1612e4-4da7-42fd-a82f-4377351cf54c,1597044274409:0d742383-b494-4b82-b74f-6906818400ac,0,,10,"['164', '195', '322', '519', '565', '616', '617', '618', '645', '653']",0,
83,173,"size == ""2""","isEmpty == ""False""","peek_obj_type == ""class java.lang.Integer""","calledMethod == ""push""","pushInput == ""class experiment.drivers.AlejaStackTestDriver""","size_p == ""1""","isEmpty_p == ""False""","peek_obj_type_p == ""class java.lang.Integer""","calledMethod_p == ""push""",Yes,1597044274406:042a4c6b-153e-48dd-9281-5548748b3d26,1597044274406:e5d9f0c3-0558-432a-a6a7-cb9c5f88a610,0,,5,"['163', '164', '349', '469', '519']",0,
84,175,"size == ""2""","isEmpty == ""False""","peek_obj_type == ""class java.lang.Long""","calledMethod == ""pop""","pushInput == ""none""","size_p == ""3""","isEmpty_p == ""False""","peek_obj_type_p == ""class experiment.drivers.AlejaStackTestDriver""","calledMethod_p == ""push""",Yes,1597044274403:0145727c-ef0d-43b4-93dd-48d49329a026,1597044274403:503a13d2-eeda-44e5-9e09-1900b329f56c,0,,10,"['164', '195', '322', '519', '565', '616', '617', '618', '645', '653']",0,
85,176,"size == ""3""","isEmpty == ""False""","peek_obj_type == ""class java.lang.Float""","calledMethod == ""push""","pushInput == ""class java.lang.Class""","size_p == ""2""","isEmpty_p == ""False""","peek_obj_type_p == ""class java.lang.Long""","calledMethod_p == ""push""",Yes,1597044274402:5bc49312-3612-4377-b4da-78e89c7a0386,1597044274402:f68a8d30-fa75-487b-b79b-f0e8f4fe0d2a,3,"['52', '56', '294']",5,"['164', '209', '349', '514', '519']",3,"['52', '56', '294']"
86,179,"size == ""3""","isEmpty == ""False""","peek_obj_type == ""class java.lang.Class""","calledMethod == ""push""","pushInput == ""class experiment.drivers.AlejaStackTestDriver""","size_p == ""2""","isEmpty_p == ""False""","peek_obj_type_p == ""class java.lang.Class""","calledMethod_p == ""push""",Yes,1597044274399:bb057422-d2e7-4575-92a2-5af226fc2927,1597044274399:d157b384-8333-42c2-a942-e4185ea8b8df,0,,3,"['164', '349', '519']",0,
87,181,"size == ""4""","isEmpty == ""False""","peek_obj_type == ""class experiment.drivers.AlejaStackTestDriver""","calledMethod == ""push""","pushInput == ""class java.lang.Boolean""","size_p == ""3""","isEmpty_p == ""False""","peek_obj_type_p == ""class java.lang.Float""","calledMethod_p == ""push""",Yes,1597044274396:bb7960d8-6ae4-47f8-99f8-257154799db7,1597044274397:576d951b-d4df-4824-8dfd-a6db9fa5c106,0,,3,"['164', '349', '519']",0,
88,182,"size == ""4""","isEmpty == ""False""","peek_obj_type == ""class java.lang.Class""","calledMethod == ""push""","pushInput == ""class experiment.drivers.AlejaStackTestDriver""","size_p == ""3""","isEmpty_p == ""False""","peek_obj_type_p == ""class java.lang.Double""","calledMethod_p == ""push""",Yes,1597044274395:55dfa43b-5303-4922-9b23-79664cc5b20a,1597044274395:4cb28aa6-3eb9-48b1-8740-c41bd3a18586,0,,3,"['164', '349', '519']",0,
89,184,"size == ""2""","isEmpty == ""False""","peek_obj_type == ""class java.lang.Byte""","calledMethod == ""pop""","pushInput == ""none""","size_p == ""3""","isEmpty_p == ""False""","peek_obj_type_p == ""class java.lang.Float""","calledMethod_p == ""push""",Yes,1597044274389:495701f1-f97f-455f-a35d-c6fc320423e8,1597044274390:5b6373d9-c3c4-4daa-8ac0-1db9f74311b4,0,,10,"['164', '195', '322', '519', '565', '616', '617', '618', '645', '653']",0,
90,186,"size == ""4""","isEmpty == ""False""","peek_obj_type == ""class experiment.drivers.AlejaStackTestDriver""","calledMethod == ""pop""","pushInput == ""none""","size_p == ""5""","isEmpty_p == ""False""","peek_obj_type_p == ""class java.lang.Short""","calledMethod_p == ""push""",Yes,1597044274388:a76c0ee8-ca11-4052-908e-36f695248c61,1597044274388:06306926-a478-487a-b5d0-c24e6ee60e39,0,,10,"['164', '195', '322', '519', '565', '616', '617', '618', '645', '653']",0,
91,187,"size == ""3""","isEmpty == ""False""","peek_obj_type == ""class java.lang.Float""","calledMethod == ""pop""","pushInput == ""none""","size_p == ""4""","isEmpty_p == ""False""","peek_obj_type_p == ""class experiment.drivers.AlejaStackTestDriver""","calledMethod_p == ""pop""",Yes,1597044274388:a76c0ee8-ca11-4052-908e-36f695248c61,1597044274388:06306926-a478-487a-b5d0-c24e6ee60e39,0,,3,"['195', '209', '322']",0,
92,189,"size == ""3""","isEmpty == ""False""","peek_obj_type == ""class java.lang.Float""","calledMethod == ""pop""","pushInput == ""none""","size_p == ""4""","isEmpty_p == ""False""","peek_obj_type_p == ""class java.lang.Double""","calledMethod_p == ""push""",Yes,1597044274385:91b972aa-b03c-43b7-a65e-fad820258651,1597044274385:2f7f820c-df36-40db-971f-6a10acc35a67,0,,11,"['164', '195', '209', '322', '519', '565', '616', '617', '618', '645', '653']",0,
93,190,"size == ""2""","isEmpty == ""False""","peek_obj_type == ""class experiment.drivers.AlejaStackTestDriver""","calledMethod == ""push""","pushInput == ""class java.lang.Integer""","size_p == ""1""","isEmpty_p == ""False""","peek_obj_type_p == ""class experiment.drivers.AlejaStackTestDriver""","calledMethod_p == ""push""",Yes,1597044274385:030106c8-a5b6-4802-b530-88f89802dd66,1597044274385:a0e6ebbd-a0bf-4361-ac3d-e218abd393cf,0,,5,"['163', '164', '349', '469', '519']",0,
94,191,"size == ""5""","isEmpty == ""False""","peek_obj_type == ""class java.lang.Class""","calledMethod == ""push""","pushInput == ""class java.lang.Boolean""","size_p == ""4""","isEmpty_p == ""False""","peek_obj_type_p == ""class java.lang.Class""","calledMethod_p == ""push""",Yes,1597044274382:028bdfd4-a69e-4652-b514-e9c05b448fe4,1597044274382:af13f09a-2852-48f3-a2fb-a44e7c740cbc,0,,3,"['164', '349', '519']",0,
95,193,"size == ""3""","isEmpty == ""False""","peek_obj_type == ""class java.lang.Float""","calledMethod == ""pop""","pushInput == ""none""","size_p == ""4""","isEmpty_p == ""False""","peek_obj_type_p == ""class java.lang.Class""","calledMethod_p == ""pop""",Yes,1597044274382:028bdfd4-a69e-4652-b514-e9c05b448fe4,1597044274382:af13f09a-2852-48f3-a2fb-a44e7c740cbc,0,,3,"['195', '209', '322']",0,
96,194,"size == ""2""","isEmpty == ""False""","peek_obj_type == ""class java.lang.Class""","calledMethod == ""push""","pushInput == ""class experiment.drivers.AlejaStackTestDriver""","size_p == ""1""","isEmpty_p == ""False""","peek_obj_type_p == ""class java.lang.Class""","calledMethod_p == ""push""",Yes,1597044274381:b9d32afc-f9b3-4a0b-a53f-030d77377560,1597044274381:d24c695d-6ac0-4ad7-b5eb-76cef15b8afb,0,,5,"['163', '164', '349', '469', '519']",0,
97,197,"size == ""3""","isEmpty == ""False""","peek_obj_type == ""class experiment.drivers.AlejaStackTestDriver""","calledMethod == ""push""","pushInput == ""class java.lang.Character""","size_p == ""2""","isEmpty_p == ""False""","peek_obj_type_p == ""class java.lang.Float""","calledMethod_p == ""push""",Yes,1597044274379:d0d850b8-76ea-489e-bf72-2f341ba2a3c2,1597044274379:38e09cf4-f25a-433e-91b9-d7f8af6dbbca,0,,3,"['164', '349', '519']",0,
98,198,"size == ""4""","isEmpty == ""False""","peek_obj_type == ""class java.lang.Boolean""","calledMethod == ""push""","pushInput == ""class experiment.drivers.AlejaStackTestDriver""","size_p == ""3""","isEmpty_p == ""False""","peek_obj_type_p == ""class java.lang.Float""","calledMethod_p == ""push""",Yes,1597044274379:261e34d0-7be6-42c4-bf1f-878e06a4eb88,1597044274379:41303e52-4fd5-4ada-b3e9-25048d5c9222,0,,3,"['164', '349', '519']",0,
99,202,"size == ""2""","isEmpty == ""False""","peek_obj_type == ""class experiment.drivers.AlejaStackTestDriver""","calledMethod == ""push""","pushInput == ""class java.lang.Long""","size_p == ""1""","isEmpty_p == ""False""","peek_obj_type_p == ""class experiment.drivers.AlejaStackTestDriver""","calledMethod_p == ""pop""",Yes,1597044274374:edc93f3b-4d1a-4864-87de-8b832c29464a,1597044274374:2bb25b6a-11b1-413a-854f-35232c2a6756,0,,2,"['349', '469']",0,
100,203,"size == ""3""","isEmpty == ""False""","peek_obj_type == ""class java.lang.Long""","calledMethod == ""push""","pushInput == ""class experiment.drivers.AlejaStackTestDriver""","size_p == ""2""","isEmpty_p == ""False""","peek_obj_type_p == ""class experiment.drivers.AlejaStackTestDriver""","calledMethod_p == ""push""",Yes,1597044274374:edc93f3b-4d1a-4864-87de-8b832c29464a,1597044274374:2bb25b6a-11b1-413a-854f-35232c2a6756,0,,3,"['164', '349', '519']",0,
101,205,"size == ""2""","isEmpty == ""False""","peek_obj_type == ""class experiment.drivers.AlejaStackTestDriver""","calledMethod == ""push""","pushInput == ""class java.lang.Byte""","size_p == ""1""","isEmpty_p == ""False""","peek_obj_type_p == ""class experiment.drivers.AlejaStackTestDriver""","calledMethod_p == ""push""",Yes,1597044274368:71c394f5-de99-4f4c-bd7e-7f680db10a40,1597044274368:ef66c10b-3602-47d1-92c5-1afeb1cba40a,0,,5,"['163', '164', '349', '469', '519']",0,
102,209,"size == ""2""","isEmpty == ""False""","peek_obj_type == ""class java.lang.Short""","calledMethod == ""push""","pushInput == ""class experiment.drivers.AlejaStackTestDriver""","size_p == ""1""","isEmpty_p == ""False""","peek_obj_type_p == ""class java.lang.Short""","calledMethod_p == ""pop""",Yes,1597044274359:ba491669-0b48-4f7c-acdf-af1aa5344beb,1597044274359:3a06c0d0-880b-4b24-b17c-74bbc2e85de0,0,,2,"['349', '469']",0,
103,212,"size == ""4""","isEmpty == ""False""","peek_obj_type == ""class experiment.drivers.AlejaStackTestDriver""","calledMethod == ""push""","pushInput == ""class java.lang.Class""","size_p == ""3""","isEmpty_p == ""False""","peek_obj_type_p == ""class java.lang.Float""","calledMethod_p == ""push""",Yes,1597044274356:e9b9b714-8b5b-4805-9f02-c91b5bee5131,1597044274356:b0bdb8e5-7e66-4fa4-a5c5-c67e3ffa013e,0,,3,"['164', '349', '519']",0,
104,213,"size == ""3""","isEmpty == ""False""","peek_obj_type == ""class java.lang.Float""","calledMethod == ""pop""","pushInput == ""none""","size_p == ""4""","isEmpty_p == ""False""","peek_obj_type_p == ""class experiment.drivers.AlejaStackTestDriver""","calledMethod_p == ""push""",Yes,1597044274356:e9b9b714-8b5b-4805-9f02-c91b5bee5131,1597044274356:b0bdb8e5-7e66-4fa4-a5c5-c67e3ffa013e,0,,11,"['164', '195', '209', '322', '519', '565', '616', '617', '618', '645', '653']",0,
105,214,"size == ""5""","isEmpty == ""False""","peek_obj_type == ""class experiment.drivers.AlejaStackTestDriver""","calledMethod == ""push""","pushInput == ""class java.lang.Class""","size_p == ""4""","isEmpty_p == ""False""","peek_obj_type_p == ""class java.lang.Class""","calledMethod_p == ""push""",Yes,1597044274353:9ea5ebd5-03d8-4e56-949e-dec5a9a3a478,1597044274354:3c99f43e-229a-43a5-9d48-2937de587e0f,0,,3,"['164', '349', '519']",0,
106,215,"size == ""4""","isEmpty == ""False""","peek_obj_type == ""class java.lang.Class""","calledMethod == ""pop""","pushInput == ""none""","size_p == ""5""","isEmpty_p == ""False""","peek_obj_type_p == ""class experiment.drivers.AlejaStackTestDriver""","calledMethod_p == ""push""",Yes,1597044274353:9ea5ebd5-03d8-4e56-949e-dec5a9a3a478,1597044274354:3c99f43e-229a-43a5-9d48-2937de587e0f,0,,10,"['164', '195', '322', '519', '565', '616', '617', '618', '645', '653']",0,
107,219,"size == ""3""","isEmpty == ""False""","peek_obj_type == ""class java.lang.Class""","calledMethod == ""push""","pushInput == ""class java.lang.String""","size_p == ""2""","isEmpty_p == ""False""","peek_obj_type_p == ""class experiment.drivers.AlejaStackTestDriver""","calledMethod_p == ""push""",Yes,1597044274346:2d680eca-1b94-4443-9d26-4d8e0ce7bbe9,1597044274346:b21b8f0e-ba05-4cc9-b5fd-d8d25157e1ba,0,,3,"['164', '349', '519']",0,
108,221,"size == ""2""","isEmpty == ""False""","peek_obj_type == ""class java.lang.String""","calledMethod == ""pop""","pushInput == ""none""","size_p == ""3""","isEmpty_p == ""False""","peek_obj_type_p == ""class experiment.drivers.AlejaStackTestDriver""","calledMethod_p == ""push""",Yes,1597044274343:1e2ff16e-b03f-4730-a606-00fa7d966428,1597044274343:3590fb36-3038-4631-93e0-b44e39501aa8,0,,10,"['164', '195', '322', '519', '565', '616', '617', '618', '645', '653']",0,
109,225,"size == ""2""","isEmpty == ""False""","peek_obj_type == ""class java.lang.Byte""","calledMethod == ""pop""","pushInput == ""none""","size_p == ""3""","isEmpty_p == ""False""","peek_obj_type_p == ""class experiment.drivers.AlejaStackTestDriver""","calledMethod_p == ""push""",Yes,1597044274335:fca1601f-ccb6-4d4f-bcbb-98abf8af74d9,1597044274335:576dfd3b-dfcf-45e4-82bc-1e8a0440c278,0,,10,"['164', '195', '322', '519', '565', '616', '617', '618', '645', '653']",0,
110,226,"size == ""2""","isEmpty == ""False""","peek_obj_type == ""class experiment.drivers.AlejaStackTestDriver""","calledMethod == ""push""","pushInput == ""class java.lang.Float""","size_p == ""1""","isEmpty_p == ""False""","peek_obj_type_p == ""class experiment.drivers.AlejaStackTestDriver""","calledMethod_p == ""push""",Yes,1597044274335:7402f5f4-e7b4-410a-99f6-41f6a4775a98,1597044274335:0f514e90-cc35-4079-bf41-a819fa56af65,9,"['54', '55', '57', '238', '239', '293', '295', '357', '603']",10,"['163', '164', '259', '349', '469', '519', '584', '621', '622', '623']",9,"['54', '55', '57', '238', '239', '293', '295', '357', '603']"
111,228,"size == ""3""","isEmpty == ""False""","peek_obj_type == ""class experiment.drivers.AlejaStackTestDriver""","calledMethod == ""push""","pushInput == ""class java.lang.Float""","size_p == ""2""","isEmpty_p == ""False""","peek_obj_type_p == ""class java.lang.Float""","calledMethod_p == ""push""",Yes,1597044274321:67d73acd-4dae-41e4-8ed1-ef4cec18f590,1597044274321:ce30b681-b6ee-43f0-bd05-7681d0a14582,9,"['54', '55', '57', '238', '239', '293', '295', '357', '603']",8,"['164', '259', '349', '519', '584', '621', '622', '623']",9,"['54', '55', '57', '238', '239', '293', '295', '357', '603']"
112,230,"size == ""2""","isEmpty == ""False""","peek_obj_type == ""class java.lang.Float""","calledMethod == ""push""","pushInput == ""class java.lang.Class""","size_p == ""1""","isEmpty_p == ""False""","peek_obj_type_p == ""class java.lang.Float""","calledMethod_p == ""push""",Yes,1597044274317:0c35eb4f-4ada-45a4-a371-84d31d8c05bd,1597044274318:78a50494-912d-4d44-a5b7-e8aa607bf884,3,"['52', '56', '294']",7,"['163', '164', '209', '349', '469', '514', '519']",3,"['52', '56', '294']"
113,231,"size == ""3""","isEmpty == ""False""","peek_obj_type == ""class java.lang.Double""","calledMethod == ""push""","pushInput == ""class java.lang.Byte""","size_p == ""2""","isEmpty_p == ""False""","peek_obj_type_p == ""class java.lang.Short""","calledMethod_p == ""pop""",Yes,1597044274312:17615d05-fa30-4307-936a-14cbc9aaf2d1,1597044274313:370e0965-a91f-4398-95f6-d9638a0b7188,0,,1,['349'],0,
114,233,"size == ""4""","isEmpty == ""False""","peek_obj_type == ""class experiment.drivers.AlejaStackTestDriver""","calledMethod == ""push""","pushInput == ""class java.lang.Class""","size_p == ""3""","isEmpty_p == ""False""","peek_obj_type_p == ""class java.lang.Short""","calledMethod_p == ""push""",Yes,1597044274306:8b4b7def-0cf4-41de-a166-6cc965658e9f,1597044274306:431c5d21-2bdc-4aa4-b841-073857ab636f,0,,3,"['164', '349', '519']",0,
115,234,"size == ""4""","isEmpty == ""False""","peek_obj_type == ""class experiment.drivers.AlejaStackTestDriver""","calledMethod == ""push""","pushInput == ""class java.lang.Long""","size_p == ""3""","isEmpty_p == ""False""","peek_obj_type_p == ""class java.lang.Float""","calledMethod_p == ""push""",Yes,1597044274298:aabcff71-064a-438c-ba89-f07a092a32e0,1597044274298:4c118465-6872-4670-aa30-6f78455aade4,0,,3,"['164', '349', '519']",0,
116,235,"size == ""4""","isEmpty == ""False""","peek_obj_type == ""class java.lang.Class""","calledMethod == ""push""","pushInput == ""class experiment.drivers.AlejaStackTestDriver""","size_p == ""3""","isEmpty_p == ""False""","peek_obj_type_p == ""class java.lang.Boolean""","calledMethod_p == ""push""",Yes,1597044274296:26b863a2-1411-485d-8ba3-87b407a07e11,1597044274296:55bce5a1-3113-4c03-bca0-de85ccc2ae04,0,,3,"['164', '349', '519']",0,
117,236,"size == ""3""","isEmpty == ""False""","peek_obj_type == ""class java.lang.Class""","calledMethod == ""push""","pushInput == ""class experiment.drivers.AlejaStackTestDriver""","size_p == ""2""","isEmpty_p == ""False""","peek_obj_type_p == ""class java.lang.Long""","calledMethod_p == ""push""",Yes,1597044274296:106aa042-b5a4-4945-a581-99044cdf2538,1597044274296:d41cde9c-4fda-4464-b801-ae964424ee90,0,,3,"['164', '349', '519']",0,
118,238,"size == ""2""","isEmpty == ""False""","peek_obj_type == ""class java.lang.Float""","calledMethod == ""push""","pushInput == ""class java.lang.Boolean""","size_p == ""1""","isEmpty_p == ""False""","peek_obj_type_p == ""class java.lang.Float""","calledMethod_p == ""push""",Yes,1597044274295:2800be32-d88b-48ee-903a-c5f60cf36a48,1597044274295:381d3645-3524-496c-8328-9c594e1f81b9,3,"['52', '56', '294']",7,"['163', '164', '209', '349', '469', '514', '519']",3,"['52', '56', '294']"
119,239,"size == ""3""","isEmpty == ""False""","peek_obj_type == ""class java.lang.Boolean""","calledMethod == ""push""","pushInput == ""class experiment.drivers.AlejaStackTestDriver""","size_p == ""2""","isEmpty_p == ""False""","peek_obj_type_p == ""class java.lang.Float""","calledMethod_p == ""push""",Yes,1597044274295:2800be32-d88b-48ee-903a-c5f60cf36a48,1597044274295:381d3645-3524-496c-8328-9c594e1f81b9,0,,3,"['164', '349', '519']",0,
120,240,"size == ""2""","isEmpty == ""False""","peek_obj_type == ""class java.lang.Float""","calledMethod == ""pop""","pushInput == ""none""","size_p == ""3""","isEmpty_p == ""False""","peek_obj_type_p == ""class java.lang.Boolean""","calledMethod_p == ""push""",Yes,1597044274295:2800be32-d88b-48ee-903a-c5f60cf36a48,1597044274295:381d3645-3524-496c-8328-9c594e1f81b9,0,,11,"['164', '195', '209', '322', '519', '565', '616', '617', '618', '645', '653']",0,
121,241,"size == ""3""","isEmpty == ""False""","peek_obj_type == ""class java.lang.Boolean""","calledMethod == ""push""","pushInput == ""class experiment.drivers.AlejaStackTestDriver""","size_p == ""2""","isEmpty_p == ""False""","peek_obj_type_p == ""class java.lang.Float""","calledMethod_p == ""pop""",Yes,1597044274295:2800be32-d88b-48ee-903a-c5f60cf36a48,1597044274295:381d3645-3524-496c-8328-9c594e1f81b9,0,,1,['349'],0,
122,245,"size == ""3""","isEmpty == ""False""","peek_obj_type == ""class java.lang.Long""","calledMethod == ""push""","pushInput == ""class java.lang.Class""","size_p == ""2""","isEmpty_p == ""False""","peek_obj_type_p == ""class java.lang.String""","calledMethod_p == ""push""",Yes,1597044274287:0b90a245-f299-4e0f-b67a-e8536ff81e89,1597044274288:1cf80199-7927-4dea-8670-eeba8185d8c8,0,,3,"['164', '349', '519']",0,
123,246,"size == ""2""","isEmpty == ""False""","peek_obj_type == ""class java.lang.Long""","calledMethod == ""push""","pushInput == ""class java.lang.Class""","size_p == ""1""","isEmpty_p == ""False""","peek_obj_type_p == ""class java.lang.Long""","calledMethod_p == ""push""",Yes,1597044274282:07400a68-5f35-49cc-bbb1-8f31b0e511ab,1597044274282:eddd85d1-f221-4a08-ae39-2e8d14c45d64,0,,5,"['163', '164', '349', '469', '519']",0,
124,247,"size == ""4""","isEmpty == ""False""","peek_obj_type == ""class experiment.drivers.AlejaStackTestDriver""","calledMethod == ""pop""","pushInput == ""none""","size_p == ""5""","isEmpty_p == ""False""","peek_obj_type_p == ""class java.lang.Float""","calledMethod_p == ""push""",Yes,1597044274282:07400a68-5f35-49cc-bbb1-8f31b0e511ab,1597044274282:58e8996b-63f3-41dc-8a98-f0f465155d74,0,,10,"['164', '195', '322', '519', '565', '616', '617', '618', '645', '653']",0,
125,249,"size == ""3""","isEmpty == ""False""","peek_obj_type == ""class java.lang.Float""","calledMethod == ""push""","pushInput == ""class java.lang.Long""","size_p == ""2""","isEmpty_p == ""False""","peek_obj_type_p == ""class java.lang.Float""","calledMethod_p == ""pop""",Yes,1597044274273:b031b9bf-7f31-4b5a-9fc8-cf0d94be722d,1597044274273:fbf455ac-8da7-4476-8b75-09c51d77692c,3,"['52', '56', '294']",3,"['209', '349', '514']",3,"['52', '56', '294']"
126,250,"size == ""4""","isEmpty == ""False""","peek_obj_type == ""class java.lang.Long""","calledMethod == ""push""","pushInput == ""class experiment.drivers.AlejaStackTestDriver""","size_p == ""3""","isEmpty_p == ""False""","peek_obj_type_p == ""class java.lang.Float""","calledMethod_p == ""push""",Yes,1597044274273:b031b9bf-7f31-4b5a-9fc8-cf0d94be722d,1597044274273:fbf455ac-8da7-4476-8b75-09c51d77692c,0,,3,"['164', '349', '519']",0,
127,251,"size == ""3""","isEmpty == ""False""","peek_obj_type == ""class java.lang.Short""","calledMethod == ""pop""","pushInput == ""none""","size_p == ""4""","isEmpty_p == ""False""","peek_obj_type_p == ""class experiment.drivers.AlejaStackTestDriver""","calledMethod_p == ""push""",Yes,1597044274244:4685fe5f-fef1-468c-ba6b-1bb2808b14fe,1597044274244:486970b1-1f18-4388-a06a-8097453f7c2a,0,,10,"['164', '195', '322', '519', '565', '616', '617', '618', '645', '653']",0,
128,254,"size == ""2""","isEmpty == ""False""","peek_obj_type == ""class experiment.drivers.AlejaStackTestDriver""","calledMethod == ""push""","pushInput == ""class java.lang.Long""","size_p == ""1""","isEmpty_p == ""False""","peek_obj_type_p == ""class experiment.drivers.AlejaStackTestDriver""","calledMethod_p == ""push""",Yes,1597044274231:8fec907c-d300-484c-ab65-c9373a9d480d,1597044274231:f26748f7-68e1-436d-8067-5e8b5f9f8a87,0,,5,"['163', '164', '349', '469', '519']",0,
129,255,"size == ""3""","isEmpty == ""False""","peek_obj_type == ""class experiment.drivers.AlejaStackTestDriver""","calledMethod == ""push""","pushInput == ""class java.lang.Class""","size_p == ""2""","isEmpty_p == ""False""","peek_obj_type_p == ""class java.lang.Short""","calledMethod_p == ""push""",Yes,1597044274224:17a9edfb-83cb-4aa8-9496-be0758ef6fd0,1597044274224:66cbbda7-171a-4b91-a32b-6398a26b41e4,0,,3,"['164', '349', '519']",0,
130,256,"size == ""3""","isEmpty == ""False""","peek_obj_type == ""class java.lang.Boolean""","calledMethod == ""pop""","pushInput == ""none""","size_p == ""4""","isEmpty_p == ""False""","peek_obj_type_p == ""class experiment.drivers.AlejaStackTestDriver""","calledMethod_p == ""pop""",Yes,1597044274214:666801f8-c63e-4bcb-ae91-b7c408ffd814,1597044274214:b3e088c0-4e19-454e-92d5-0340e33c3d4c,0,,2,"['195', '322']",0,
131,257,"size == ""2""","isEmpty == ""False""","peek_obj_type == ""class java.lang.Long""","calledMethod == ""pop""","pushInput == ""none""","size_p == ""3""","isEmpty_p == ""False""","peek_obj_type_p == ""class java.lang.Boolean""","calledMethod_p == ""pop""",Yes,1597044274214:60c15d0d-14b6-4e36-825d-767337e88aea,1597044274214:c29cb350-3ffe-489d-a0da-f12da1afb659,0,,2,"['195', '322']",0,
132,259,"size == ""4""","isEmpty == ""False""","peek_obj_type == ""class experiment.drivers.AlejaStackTestDriver""","calledMethod == ""push""","pushInput == ""class java.lang.Float""","size_p == ""3""","isEmpty_p == ""False""","peek_obj_type_p == ""class java.lang.Class""","calledMethod_p == ""push""",Yes,1597044274207:4090f2fc-a3e5-429a-949a-8c8c84b92855,1597044274207:801fd5d5-8605-4c0e-a908-3cb6c870f1e2,9,"['54', '55', '57', '238', '239', '293', '295', '357', '603']",8,"['164', '259', '349', '519', '584', '621', '622', '623']",9,"['54', '55', '57', '238', '239', '293', '295', '357', '603']"
133,260,"size == ""3""","isEmpty == ""False""","peek_obj_type == ""class java.lang.Class""","calledMethod == ""pop""","pushInput == ""none""","size_p == ""4""","isEmpty_p == ""False""","peek_obj_type_p == ""class experiment.drivers.AlejaStackTestDriver""","calledMethod_p == ""push""",Yes,1597044274207:4090f2fc-a3e5-429a-949a-8c8c84b92855,1597044274207:801fd5d5-8605-4c0e-a908-3cb6c870f1e2,0,,10,"['164', '195', '322', '519', '565', '616', '617', '618', '645', '653']",0,
134,261,"size == ""2""","isEmpty == ""False""","peek_obj_type == ""class experiment.drivers.AlejaStackTestDriver""","calledMethod == ""pop""","pushInput == ""none""","size_p == ""3""","isEmpty_p == ""False""","peek_obj_type_p == ""class java.lang.Class""","calledMethod_p == ""pop""",Yes,1597044274207:4090f2fc-a3e5-429a-949a-8c8c84b92855,1597044274207:801fd5d5-8605-4c0e-a908-3cb6c870f1e2,0,,2,"['195', '322']",0,
135,262,"size == ""3""","isEmpty == ""False""","peek_obj_type == ""class java.lang.Double""","calledMethod == ""pop""","pushInput == ""none""","size_p == ""4""","isEmpty_p == ""False""","peek_obj_type_p == ""class java.lang.Boolean""","calledMethod_p == ""push""",Yes,1597044274192:c4db44e6-3be2-4ad0-9871-16a8e3e4ee1a,1597044274192:fdaa3426-4260-49bf-8e22-dccd50101c68,0,,10,"['164', '195', '322', '519', '565', '616', '617', '618', '645', '653']",0,
136,263,"size == ""4""","isEmpty == ""False""","peek_obj_type == ""class java.lang.Class""","calledMethod == ""push""","pushInput == ""class java.lang.Byte""","size_p == ""3""","isEmpty_p == ""False""","peek_obj_type_p == ""class java.lang.Float""","calledMethod_p == ""push""",Yes,1597044274184:2b292aef-01dd-4659-a82f-01f9f0d7db63,1597044274184:9aefacb1-5cfa-4ef4-81a7-009f58e79565,0,,3,"['164', '349', '519']",0,
137,264,"size == ""4""","isEmpty == ""False""","peek_obj_type == ""class java.lang.Boolean""","calledMethod == ""pop""","pushInput == ""none""","size_p == ""5""","isEmpty_p == ""False""","peek_obj_type_p == ""class experiment.drivers.AlejaStackTestDriver""","calledMethod_p == ""push""",Yes,1597044274179:e1981ede-127f-4fbc-9096-eef834754192,1597044274179:3273f889-f813-42cb-9e21-156a0a086b94,0,,10,"['164', '195', '322', '519', '565', '616', '617', '618', '645', '653']",0,
138,265,"size == ""3""","isEmpty == ""False""","peek_obj_type == ""class java.lang.Double""","calledMethod == ""pop""","pushInput == ""none""","size_p == ""4""","isEmpty_p == ""False""","peek_obj_type_p == ""class java.lang.Boolean""","calledMethod_p == ""pop""",Yes,1597044274179:e1981ede-127f-4fbc-9096-eef834754192,1597044274179:3273f889-f813-42cb-9e21-156a0a086b94,0,,2,"['195', '322']",0,
139,266,"size == ""3""","isEmpty == ""False""","peek_obj_type == ""class java.lang.Byte""","calledMethod == ""push""","pushInput == ""class java.lang.Class""","size_p == ""2""","isEmpty_p == ""False""","peek_obj_type_p == ""class java.lang.Long""","calledMethod_p == ""push""",Yes,1597044274178:c9867c0e-54e0-4f31-a0ec-adacb1711f32,1597044274178:7e9b3284-e402-4b5f-b85a-54664ebde336,0,,3,"['164', '349', '519']",0,
140,267,"size == ""6""","isEmpty == ""False""","peek_obj_type == ""class experiment.drivers.AlejaStackTestDriver""","calledMethod == ""push""","pushInput == ""class java.lang.Class""","size_p == ""5""","isEmpty_p == ""False""","peek_obj_type_p == ""class java.lang.Float""","calledMethod_p == ""push""",Yes,1597044274178:c6e90d2b-40c8-4d37-949e-3f0e165eb202,1597044274178:959a1bd9-a766-4645-a7e9-de3ee0681b5a,0,,3,"['164', '349', '519']",0,
141,269,"size == ""3""","isEmpty == ""False""","peek_obj_type == ""class experiment.drivers.AlejaStackTestDriver""","calledMethod == ""push""","pushInput == ""class java.lang.Character""","size_p == ""2""","isEmpty_p == ""False""","peek_obj_type_p == ""class java.lang.Float""","calledMethod_p == ""pop""",Yes,1597044274166:c38b0520-fb41-4e64-bb52-157d926c07f1,1597044274166:3b62637a-3c4a-47d5-9154-01d4ffb38f1a,0,,1,['349'],0,
142,272,"size == ""2""","isEmpty == ""False""","peek_obj_type == ""class experiment.drivers.AlejaStackTestDriver""","calledMethod == ""push""","pushInput == ""class java.lang.Class""","size_p == ""1""","isEmpty_p == ""False""","peek_obj_type_p == ""class experiment.drivers.AlejaStackTestDriver""","calledMethod_p == ""pop""",Yes,1597044274149:6cce69c4-cc85-4f15-a4ff-4659cfe105ec,1597044274149:18824d0d-93a5-4be2-b018-6bf9a343af5a,0,,2,"['349', '469']",0,
143,274,"size == ""3""","isEmpty == ""False""","peek_obj_type == ""class experiment.drivers.AlejaStackTestDriver""","calledMethod == ""push""","pushInput == ""class java.lang.Class""","size_p == ""2""","isEmpty_p == ""False""","peek_obj_type_p == ""class experiment.drivers.AlejaStackTestDriver""","calledMethod_p == ""push""",Yes,1597044274139:a665f072-c06c-4050-b097-d6b7793eed0e,1597044274139:36d8bae8-e8cc-4a90-a61b-18a716f22c2e,0,,3,"['164', '349', '519']",0,
144,275,"size == ""5""","isEmpty == ""False""","peek_obj_type == ""class experiment.drivers.AlejaStackTestDriver""","calledMethod == ""push""","pushInput == ""class java.lang.Class""","size_p == ""4""","isEmpty_p == ""False""","peek_obj_type_p == ""class experiment.drivers.AlejaStackTestDriver""","calledMethod_p == ""push""",Yes,1597044274138:b5f1af2d-fe01-469c-a252-dd9958d1fd9c,1597044274138:8e0e0e60-4e79-47a3-bb86-279f434dbc9b,0,,3,"['164', '349', '519']",0,
145,278,"size == ""3""","isEmpty == ""False""","peek_obj_type == ""class java.lang.Integer""","calledMethod == ""push""","pushInput == ""class experiment.drivers.AlejaStackTestDriver""","size_p == ""2""","isEmpty_p == ""False""","peek_obj_type_p == ""class java.lang.Long""","calledMethod_p == ""push""",Yes,1597044274122:683b2e16-0346-42a9-a29b-94d512b57a2f,1597044274122:08efda25-8685-4e30-af8a-8d2717fb7f83,0,,3,"['164', '349', '519']",0,
146,279,"size == ""2""","isEmpty == ""False""","peek_obj_type == ""class java.lang.Long""","calledMethod == ""pop""","pushInput == ""none""","size_p == ""3""","isEmpty_p == ""False""","peek_obj_type_p == ""class java.lang.Integer""","calledMethod_p == ""push""",Yes,1597044274122:683b2e16-0346-42a9-a29b-94d512b57a2f,1597044274122:08efda25-8685-4e30-af8a-8d2717fb7f83,0,,10,"['164', '195', '322', '519', '565', '616', '617', '618', '645', '653']",0,
147,280,"size == ""3""","isEmpty == ""False""","peek_obj_type == ""class java.lang.Short""","calledMethod == ""push""","pushInput == ""class experiment.drivers.AlejaStackTestDriver""","size_p == ""2""","isEmpty_p == ""False""","peek_obj_type_p == ""class experiment.drivers.AlejaStackTestDriver""","calledMethod_p == ""pop""",Yes,1597044274110:01e8a007-6a7a-46bc-8e50-4a5c0b33e949,1597044274110:8cf4528e-16af-44d9-a324-1995d19eaa82,0,,1,['349'],0,
148,281,"size == ""2""","isEmpty == ""False""","peek_obj_type == ""class java.lang.Byte""","calledMethod == ""push""","pushInput == ""class experiment.drivers.AlejaStackTestDriver""","size_p == ""1""","isEmpty_p == ""False""","peek_obj_type_p == ""class java.lang.Byte""","calledMethod_p == ""push""",Yes,1597044274103:f473e72d-d33c-485d-8078-6d3b74e8a9f3,1597044274104:4de770ed-7d1c-40fa-a3ae-69e77d734f62,0,,5,"['163', '164', '349', '469', '519']",0,
149,284,"size == ""6""","isEmpty == ""False""","peek_obj_type == ""class experiment.drivers.AlejaStackTestDriver""","calledMethod == ""push""","pushInput == ""class java.lang.Long""","size_p == ""5""","isEmpty_p == ""False""","peek_obj_type_p == ""class java.lang.Float""","calledMethod_p == ""push""",Yes,1597044274097:68998edb-823e-493c-886a-33eb724eadad,1597044274097:0c33e324-874e-422b-9418-efdd323b7f8f,0,,3,"['164', '349', '519']",0,
150,286,"size == ""5""","isEmpty == ""False""","peek_obj_type == ""class java.lang.Byte""","calledMethod == ""push""","pushInput == ""class experiment.drivers.AlejaStackTestDriver""","size_p == ""4""","isEmpty_p == ""False""","peek_obj_type_p == ""class java.lang.Class""","calledMethod_p == ""push""",Yes,1597044274064:3700a3f5-e6b9-4041-b826-674094a6f175,1597044274064:f7709a42-77f2-4596-aba6-16cb90170663,0,,3,"['164', '349', '519']",0,
151,287,"size == ""5""","isEmpty == ""False""","peek_obj_type == ""class java.lang.Short""","calledMethod == ""pop""","pushInput == ""none""","size_p == ""6""","isEmpty_p == ""False""","peek_obj_type_p == ""class experiment.drivers.AlejaStackTestDriver""","calledMethod_p == ""push""",Yes,1597044274062:0e0f1dc0-36d8-4038-8ab7-e1eb32f2da2b,1597044274062:488cfe00-3587-4e7b-813d-5e02596c71e2,0,,10,"['164', '195', '322', '519', '565', '616', '617', '618', '645', '653']",0,
152,289,"size == ""3""","isEmpty == ""False""","peek_obj_type == ""class java.lang.Double""","calledMethod == ""pop""","pushInput == ""none""","size_p == ""4""","isEmpty_p == ""False""","peek_obj_type_p == ""class java.lang.Class""","calledMethod_p == ""push""",Yes,1597044274058:ae5314ab-87ec-4047-be67-b48cb3768b1a,1597044274058:48472cf3-5fd1-4a56-bf6e-2119264bac2e,0,,10,"['164', '195', '322', '519', '565', '616', '617', '618', '645', '653']",0,
153,290,"size == ""2""","isEmpty == ""False""","peek_obj_type == ""class java.lang.Short""","calledMethod == ""pop""","pushInput == ""none""","size_p == ""3""","isEmpty_p == ""False""","peek_obj_type_p == ""class java.lang.Double""","calledMethod_p == ""pop""",Yes,1597044274053:d1e51e9a-014b-4834-8016-f9936467a315,1597044274053:432edf8d-080d-4486-bdf3-f356836e8410,0,,2,"['195', '322']",0,
154,292,"size == ""2""","isEmpty == ""False""","peek_obj_type == ""class java.lang.Class""","calledMethod == ""push""","pushInput == ""class java.lang.Long""","size_p == ""1""","isEmpty_p == ""False""","peek_obj_type_p == ""class java.lang.Class""","calledMethod_p == ""push""",Yes,1597044274013:57f4e61b-2e31-4112-b5cb-4807bc5fa1a0,1597044274013:ff2d6d12-0383-4311-94d6-f4ed56f3cfe3,0,,5,"['163', '164', '349', '469', '519']",0,
155,293,"size == ""3""","isEmpty == ""False""","peek_obj_type == ""class java.lang.Integer""","calledMethod == ""push""","pushInput == ""class experiment.drivers.AlejaStackTestDriver""","size_p == ""2""","isEmpty_p == ""False""","peek_obj_type_p == ""class java.lang.Float""","calledMethod_p == ""push""",Yes,1597044274012:93ce278d-a33a-4a7a-a086-cc040f704b42,1597044274012:ad4b5397-6ca7-4904-8ca8-196e1fe512f7,0,,3,"['164', '349', '519']",0,
156,295,"size == ""3""","isEmpty == ""False""","peek_obj_type == ""class experiment.drivers.AlejaStackTestDriver""","calledMethod == ""push""","pushInput == ""class java.lang.Float""","size_p == ""2""","isEmpty_p == ""False""","peek_obj_type_p == ""class java.lang.Float""","calledMethod_p == ""pop""",Yes,1597044273990:be679df2-6b5a-452b-8693-3a23400775ec,1597044273990:bee2dd0d-76c3-43ac-92e5-03a287c14a9e,9,"['54', '55', '57', '238', '239', '293', '295', '357', '603']",6,"['259', '349', '584', '621', '622', '623']",9,"['54', '55', '57', '238', '239', '293', '295', '357', '603']"
157,296,"size == ""3""","isEmpty == ""False""","peek_obj_type == ""class java.lang.Boolean""","calledMethod == ""push""","pushInput == ""class java.lang.Class""","size_p == ""2""","isEmpty_p == ""False""","peek_obj_type_p == ""class java.lang.Long""","calledMethod_p == ""pop""",Yes,1597044273931:171dcf07-98e9-48ba-9044-5fe7a53fab3d,1597044273931:6c33fbb2-c11e-4443-9263-98f6cffdf69f,0,,1,['349'],0,
158,297,"size == ""3""","isEmpty == ""False""","peek_obj_type == ""class java.lang.Float""","calledMethod == ""push""","pushInput == ""class java.lang.Long""","size_p == ""2""","isEmpty_p == ""False""","peek_obj_type_p == ""class java.lang.Float""","calledMethod_p == ""push""",Yes,1597044273902:d68226c9-bf81-43cc-afd8-4bfb9fa2ae93,1597044273902:440fceb2-11f5-4174-bf06-6dda8a98a746,3,"['52', '56', '294']",5,"['164', '209', '349', '514', '519']",3,"['52', '56', '294']"
159,298,"size == ""5""","isEmpty == ""False""","peek_obj_type == ""class experiment.drivers.AlejaStackTestDriver""","calledMethod == ""push""","pushInput == ""class java.lang.Class""","size_p == ""4""","isEmpty_p == ""False""","peek_obj_type_p == ""class java.lang.Boolean""","calledMethod_p == ""push""",Yes,1597044273838:696f55e6-342f-4d78-86db-f80bb8898c30,1597044273838:9bb07aed-c761-42cb-a6c4-149bb9fc67a7,0,,3,"['164', '349', '519']",0,
160,299,"size == ""3""","isEmpty == ""False""","peek_obj_type == ""class java.lang.Long""","calledMethod == ""push""","pushInput == ""class experiment.drivers.AlejaStackTestDriver""","size_p == ""2""","isEmpty_p == ""False""","peek_obj_type_p == ""class java.lang.String""","calledMethod_p == ""push""",Yes,1597044273780:c3804c8e-a257-4eca-8ad2-2c0434ef04c0,1597044273780:b92ef89c-87ae-4f27-8de9-e6f475e1f524,0,,3,"['164', '349', '519']",0,
161,300,"size == ""2""","isEmpty == ""False""","peek_obj_type == ""class java.lang.Float""","calledMethod == ""pop""","pushInput == ""none""","size_p == ""3""","isEmpty_p == ""False""","peek_obj_type_p == ""class java.lang.Long""","calledMethod_p == ""push""",Yes,1597044273770:a0a6902a-ec9e-4403-94ab-be8bd7830f2a,1597044273770:ef166f3c-a6fa-454a-8e92-ec52c07b3b5d,0,,11,"['164', '195', '209', '322', '519', '565', '616', '617', '618', '645', '653']",0,
162,301,"size == ""3""","isEmpty == ""False""","peek_obj_type == ""class java.lang.Class""","calledMethod == ""push""","pushInput == ""class java.lang.Float""","size_p == ""2""","isEmpty_p == ""False""","peek_obj_type_p == ""class experiment.drivers.AlejaStackTestDriver""","calledMethod_p == ""push""",Yes,1597044273746:7865c1fb-8b8f-40e0-91be-ffab2e3092dc,1597044273746:11b4a2d9-bb67-40eb-a7a7-14565a138aa4,9,"['54', '55', '57', '238', '239', '293', '295', '357', '603']",8,"['164', '259', '349', '519', '584', '621', '622', '623']",9,"['54', '55', '57', '238', '239', '293', '295', '357', '603']"
163,304,"size == ""3""","isEmpty == ""False""","peek_obj_type == ""class java.lang.Float""","calledMethod == ""push""","pushInput == ""class experiment.drivers.AlejaStackTestDriver""","size_p == ""2""","isEmpty_p == ""False""","peek_obj_type_p == ""class java.lang.Long""","calledMethod_p == ""push""",Yes,1597044273691:f4b3ae39-6a5a-43ad-a0e8-fae5190c832e,1597044273691:ce82791c-486a-4040-9a71-9a47d422ded5,3,"['52', '56', '294']",5,"['164', '209', '349', '514', '519']",3,"['52', '56', '294']"
164,305,"size == ""2""","isEmpty == ""False""","peek_obj_type == ""class java.lang.Class""","calledMethod == ""push""","pushInput == ""class java.lang.Short""","size_p == ""1""","isEmpty_p == ""False""","peek_obj_type_p == ""class java.lang.Class""","calledMethod_p == ""push""",Yes,1597044273672:eaa8ad36-4cac-40f9-bab1-2280a02d1ba8,1597044273672:5a2b0e80-ee85-453a-82d4-1c8cc7d74945,0,,5,"['163', '164', '349', '469', '519']",0,
165,306,"size == ""4""","isEmpty == ""False""","peek_obj_type == ""class experiment.drivers.AlejaStackTestDriver""","calledMethod == ""push""","pushInput == ""class java.lang.Class""","size_p == ""3""","isEmpty_p == ""False""","peek_obj_type_p == ""class java.lang.Boolean""","calledMethod_p == ""push""",Yes,1597044273477:1e717960-1db8-4533-a712-2ef02386a398,1597044273477:41902285-b59b-4594-8164-3a15b2c51f0e,0,,3,"['164', '349', '519']",0,
