,size,isEmpty,peek_obj_type,calledMethod,size_p,isEmpty_p,peek_obj_type_p,calledMethod_p,diff,testId,instanceId
1,"size == ""1""","isEmpty == ""False""","peek_obj_type == ""class java.lang.Float""","calledMethod == ""push""",x,x,x,x,No,1597052895075:91d85d6f-61da-435f-8516-639ead295039,1597052895075:740ad771-78b4-4714-a34d-c4a514d6eccf
2,"size == ""0""","isEmpty == ""True""","peek_obj_type == ""EmptyObject""","calledMethod == ""pop""","size_p == ""1""","isEmpty_p == ""False""","peek_obj_type_p == ""class java.lang.Float""","calledMethod_p == ""push""",No,1597052895075:91d85d6f-61da-435f-8516-639ead295039,1597052895075:740ad771-78b4-4714-a34d-c4a514d6eccf
3,"size == ""0""","isEmpty == ""True""","peek_obj_type == ""EmptyObject""","calledMethod == ""clear""","size_p == ""0""","isEmpty_p == ""True""","peek_obj_type_p == ""EmptyObject""","calledMethod_p == ""pop""",No,1597052895075:91d85d6f-61da-435f-8516-639ead295039,1597052895075:740ad771-78b4-4714-a34d-c4a514d6eccf
4,"size == ""1""","isEmpty == ""False""","peek_obj_type == ""class java.lang.Long""","calledMethod == ""push""","size_p == ""0""","isEmpty_p == ""True""","peek_obj_type_p == ""EmptyObject""","calledMethod_p == ""clear""",No,1597052895075:91d85d6f-61da-435f-8516-639ead295039,1597052895075:740ad771-78b4-4714-a34d-c4a514d6eccf
5,"size == ""2""","isEmpty == ""True""","peek_obj_type == ""class java.lang.String""","calledMethod == ""push""","size_p == ""1""","isEmpty_p == ""False""","peek_obj_type_p == ""class java.lang.Long""","calledMethod_p == ""push""",Yes,1597052895075:91d85d6f-61da-435f-8516-639ead295039,1597052895075:740ad771-78b4-4714-a34d-c4a514d6eccf
6,"size == ""3""","isEmpty == ""False""","peek_obj_type == ""class java.lang.Boolean""","calledMethod == ""push""","size_p == ""2""","isEmpty_p == ""True""","peek_obj_type_p == ""class java.lang.String""","calledMethod_p == ""push""",Yes,1597052895075:91d85d6f-61da-435f-8516-639ead295039,1597052895075:740ad771-78b4-4714-a34d-c4a514d6eccf
7,"size == ""2""","isEmpty == ""True""","peek_obj_type == ""class java.lang.String""","calledMethod == ""pop""","size_p == ""3""","isEmpty_p == ""False""","peek_obj_type_p == ""class java.lang.Boolean""","calledMethod_p == ""push""",Yes,1597052895075:91d85d6f-61da-435f-8516-639ead295039,1597052895075:740ad771-78b4-4714-a34d-c4a514d6eccf
8,"size == ""2""","isEmpty == ""True""","peek_obj_type == ""class java.lang.String""","calledMethod == ""pop""","size_p == ""2""","isEmpty_p == ""True""","peek_obj_type_p == ""class java.lang.String""","calledMethod_p == ""pop""",Yes,1597052895075:91d85d6f-61da-435f-8516-639ead295039,1597052895075:740ad771-78b4-4714-a34d-c4a514d6eccf
16,"size == ""2""","isEmpty == ""True""","peek_obj_type == ""class java.lang.String""","calledMethod == ""push""","size_p == ""1""","isEmpty_p == ""False""","peek_obj_type_p == ""class java.lang.Float""","calledMethod_p == ""push""",Yes,1597052895075:11a92c6f-707d-4024-8445-d8ed8a6fbd1c,1597052895075:90b790d1-2f06-4103-aa49-4f7d2584741c
25,"size == ""2""","isEmpty == ""True""","peek_obj_type == ""class java.lang.String""","calledMethod == ""pop""","size_p == ""2""","isEmpty_p == ""True""","peek_obj_type_p == ""class java.lang.String""","calledMethod_p == ""push""",Yes,1597052895075:11a92c6f-707d-4024-8445-d8ed8a6fbd1c,1597052895075:71b24b41-7052-406d-87df-6644abadf747
33,"size == ""4""","isEmpty == ""False""","peek_obj_type == ""class experiment.drivers.AlejaStackTestDriver""","calledMethod == ""push""","size_p == ""3""","isEmpty_p == ""False""","peek_obj_type_p == ""class java.lang.Boolean""","calledMethod_p == ""push""",Yes,1597052895075:11a92c6f-707d-4024-8445-d8ed8a6fbd1c,1597052895075:35a21461-0c46-4cff-9f86-ad01ac8ddfa1
42,"size == ""0""","isEmpty == ""True""","peek_obj_type == ""EmptyObject""","calledMethod == ""clear""",x,x,x,x,No,1597052895074:eeb21dfb-4f07-422a-a480-0ce8177b90c8,1597052895074:98399871-d333-4dc3-882b-83c1793aaada
43,"size == ""1""","isEmpty == ""False""","peek_obj_type == ""class java.lang.Class""","calledMethod == ""push""","size_p == ""0""","isEmpty_p == ""True""","peek_obj_type_p == ""EmptyObject""","calledMethod_p == ""clear""",No,1597052895074:eeb21dfb-4f07-422a-a480-0ce8177b90c8,1597052895074:98399871-d333-4dc3-882b-83c1793aaada
44,"size == ""0""","isEmpty == ""True""","peek_obj_type == ""EmptyObject""","calledMethod == ""clear""","size_p == ""1""","isEmpty_p == ""False""","peek_obj_type_p == ""class java.lang.Class""","calledMethod_p == ""push""",No,1597052895074:eeb21dfb-4f07-422a-a480-0ce8177b90c8,1597052895074:98399871-d333-4dc3-882b-83c1793aaada
45,"size == ""0""","isEmpty == ""True""","peek_obj_type == ""EmptyObject""","calledMethod == ""clear""","size_p == ""0""","isEmpty_p == ""True""","peek_obj_type_p == ""EmptyObject""","calledMethod_p == ""clear""",No,1597052895074:eeb21dfb-4f07-422a-a480-0ce8177b90c8,1597052895074:98399871-d333-4dc3-882b-83c1793aaada
47,"size == ""1""","isEmpty == ""False""","peek_obj_type == ""class experiment.drivers.AlejaStackTestDriver""","calledMethod == ""push""","size_p == ""0""","isEmpty_p == ""True""","peek_obj_type_p == ""EmptyObject""","calledMethod_p == ""clear""",No,1597052895074:eeb21dfb-4f07-422a-a480-0ce8177b90c8,1597052895074:98399871-d333-4dc3-882b-83c1793aaada
48,"size == ""2""","isEmpty == ""True""","peek_obj_type == ""class java.lang.String""","calledMethod == ""push""","size_p == ""1""","isEmpty_p == ""False""","peek_obj_type_p == ""class experiment.drivers.AlejaStackTestDriver""","calledMethod_p == ""push""",Yes,1597052895074:eeb21dfb-4f07-422a-a480-0ce8177b90c8,1597052895074:98399871-d333-4dc3-882b-83c1793aaada
52,"size == ""1""","isEmpty == ""False""","peek_obj_type == ""class java.lang.Short""","calledMethod == ""push""","size_p == ""0""","isEmpty_p == ""True""","peek_obj_type_p == ""EmptyObject""","calledMethod_p == ""pop""",No,1597052895074:eeb21dfb-4f07-422a-a480-0ce8177b90c8,1597052895074:8f62f39e-3cc3-45f1-9f5f-255ae2359e85
53,"size == ""2""","isEmpty == ""True""","peek_obj_type == ""class java.lang.String""","calledMethod == ""push""","size_p == ""1""","isEmpty_p == ""False""","peek_obj_type_p == ""class java.lang.Short""","calledMethod_p == ""push""",Yes,1597052895074:eeb21dfb-4f07-422a-a480-0ce8177b90c8,1597052895074:8f62f39e-3cc3-45f1-9f5f-255ae2359e85
60,"size == ""1""","isEmpty == ""False""","peek_obj_type == ""class java.lang.Byte""","calledMethod == ""push""","size_p == ""0""","isEmpty_p == ""True""","peek_obj_type_p == ""EmptyObject""","calledMethod_p == ""pop""",No,1597052895074:eeb21dfb-4f07-422a-a480-0ce8177b90c8,1597052895074:0a46aaf7-2c77-40cb-a16a-7bd6b91e146f
61,"size == ""2""","isEmpty == ""True""","peek_obj_type == ""class java.lang.String""","calledMethod == ""push""","size_p == ""1""","isEmpty_p == ""False""","peek_obj_type_p == ""class java.lang.Byte""","calledMethod_p == ""push""",Yes,1597052895074:eeb21dfb-4f07-422a-a480-0ce8177b90c8,1597052895074:0a46aaf7-2c77-40cb-a16a-7bd6b91e146f
72,"size == ""3""","isEmpty == ""False""","peek_obj_type == ""class java.lang.Float""","calledMethod == ""push""","size_p == ""2""","isEmpty_p == ""True""","peek_obj_type_p == ""class java.lang.String""","calledMethod_p == ""push""",Yes,1597052895074:df3d5053-bc67-47e3-8262-2b02fe32b327,1597052895074:f5b385fd-c5df-4aba-8463-9ba117b10261
86,"size == ""1""","isEmpty == ""False""","peek_obj_type == ""class java.lang.String""","calledMethod == ""push""","size_p == ""0""","isEmpty_p == ""True""","peek_obj_type_p == ""EmptyObject""","calledMethod_p == ""pop""",No,1597052895074:df3d5053-bc67-47e3-8262-2b02fe32b327,1597052895074:544dbb9f-20c3-4f1c-b278-545a39bd20f8
87,"size == ""0""","isEmpty == ""True""","peek_obj_type == ""EmptyObject""","calledMethod == ""pop""","size_p == ""1""","isEmpty_p == ""False""","peek_obj_type_p == ""class java.lang.String""","calledMethod_p == ""push""",No,1597052895074:df3d5053-bc67-47e3-8262-2b02fe32b327,1597052895074:544dbb9f-20c3-4f1c-b278-545a39bd20f8
90,"size == ""0""","isEmpty == ""True""","peek_obj_type == ""EmptyObject""","calledMethod == ""clear""","size_p == ""1""","isEmpty_p == ""False""","peek_obj_type_p == ""class experiment.drivers.AlejaStackTestDriver""","calledMethod_p == ""push""",No,1597052895074:df3d5053-bc67-47e3-8262-2b02fe32b327,1597052895074:544dbb9f-20c3-4f1c-b278-545a39bd20f8
123,"size == ""0""","isEmpty == ""True""","peek_obj_type == ""EmptyObject""","calledMethod == ""pop""","size_p == ""1""","isEmpty_p == ""False""","peek_obj_type_p == ""class java.lang.Long""","calledMethod_p == ""push""",No,1597052895073:5539cd10-0c6a-4759-9483-14d20222f01b,1597052895073:712b46c0-a67f-4642-9bd8-aaf6a2bae946
128,"size == ""4""","isEmpty == ""False""","peek_obj_type == ""class java.lang.Double""","calledMethod == ""push""","size_p == ""3""","isEmpty_p == ""False""","peek_obj_type_p == ""class java.lang.Float""","calledMethod_p == ""push""",Yes,1597052895073:5539cd10-0c6a-4759-9483-14d20222f01b,1597052895073:6a722675-16a5-4d6f-9d1c-69cda22b5730
147,"size == ""3""","isEmpty == ""False""","peek_obj_type == ""class java.lang.Short""","calledMethod == ""push""","size_p == ""2""","isEmpty_p == ""True""","peek_obj_type_p == ""class java.lang.String""","calledMethod_p == ""push""",Yes,1597052895073:4064ff05-b3b6-4a45-b61e-dcfd73e8dc3e,1597052895073:b68c92d2-5100-406c-b1a6-6e2bfb95a380
213,"size == ""0""","isEmpty == ""True""","peek_obj_type == ""EmptyObject""","calledMethod == ""pop""","size_p == ""1""","isEmpty_p == ""False""","peek_obj_type_p == ""class java.lang.Class""","calledMethod_p == ""push""",No,1597052895071:e4da4d99-79fc-4d81-a6bb-a8003cad67ae,1597052895071:e027af92-3027-4394-8ed4-8f64cdec4430
217,"size == ""0""","isEmpty == ""True""","peek_obj_type == ""EmptyObject""","calledMethod == ""clear""","size_p == ""2""","isEmpty_p == ""True""","peek_obj_type_p == ""class java.lang.String""","calledMethod_p == ""push""",No,1597052895071:e4da4d99-79fc-4d81-a6bb-a8003cad67ae,1597052895071:e027af92-3027-4394-8ed4-8f64cdec4430
222,"size == ""0""","isEmpty == ""True""","peek_obj_type == ""EmptyObject""","calledMethod == ""clear""","size_p == ""1""","isEmpty_p == ""False""","peek_obj_type_p == ""class java.lang.Byte""","calledMethod_p == ""push""",No,1597052895071:e4da4d99-79fc-4d81-a6bb-a8003cad67ae,1597052895071:87d4c2fa-df0c-437b-a09e-8e69b9d56511
286,"size == ""1""","isEmpty == ""False""","peek_obj_type == ""class experiment.drivers.AlejaStackTestDriver""","calledMethod == ""push""","size_p == ""0""","isEmpty_p == ""True""","peek_obj_type_p == ""EmptyObject""","calledMethod_p == ""pop""",No,1597052895069:879d4fb0-ae03-4683-b2eb-fa385d981f0e,1597052895070:eafe6740-88d7-4214-8ecf-47bbaf5f2382
313,"size == ""0""","isEmpty == ""True""","peek_obj_type == ""EmptyObject""","calledMethod == ""pop""","size_p == ""1""","isEmpty_p == ""False""","peek_obj_type_p == ""class experiment.drivers.AlejaStackTestDriver""","calledMethod_p == ""push""",No,1597052895069:879d4fb0-ae03-4683-b2eb-fa385d981f0e,1597052895070:83c22ab2-ccfa-4bcf-a882-a1794d947665
361,"size == ""1""","isEmpty == ""False""","peek_obj_type == ""class experiment.drivers.AlejaStackTestDriver""","calledMethod == ""push""",x,x,x,x,No,1597052895068:fe9f39ca-4a3b-4de9-b04e-792788658c03,1597052895068:9d5b5e82-e407-430d-903b-41116333e706
367,"size == ""3""","isEmpty == ""False""","peek_obj_type == ""class java.lang.Double""","calledMethod == ""push""","size_p == ""2""","isEmpty_p == ""True""","peek_obj_type_p == ""class java.lang.String""","calledMethod_p == ""push""",Yes,1597052895068:fe9f39ca-4a3b-4de9-b04e-792788658c03,1597052895068:54ae39e8-55f3-418b-b435-e10db6574229
368,"size == ""4""","isEmpty == ""False""","peek_obj_type == ""class java.lang.Boolean""","calledMethod == ""push""","size_p == ""3""","isEmpty_p == ""False""","peek_obj_type_p == ""class java.lang.Double""","calledMethod_p == ""push""",Yes,1597052895068:fe9f39ca-4a3b-4de9-b04e-792788658c03,1597052895068:54ae39e8-55f3-418b-b435-e10db6574229
377,"size == ""0""","isEmpty == ""True""","peek_obj_type == ""EmptyObject""","calledMethod == ""clear""","size_p == ""2""","isEmpty_p == ""True""","peek_obj_type_p == ""class java.lang.String""","calledMethod_p == ""pop""",No,1597052895068:fe9f39ca-4a3b-4de9-b04e-792788658c03,1597052895068:1dea7dc9-35b7-40bc-9f8b-555b708942ac
403,"size == ""2""","isEmpty == ""True""","peek_obj_type == ""class java.lang.String""","calledMethod == ""push""","size_p == ""1""","isEmpty_p == ""False""","peek_obj_type_p == ""class java.lang.String""","calledMethod_p == ""push""",Yes,1597052895068:d16288a6-e232-4fdb-b87c-0c9227ad82fa,1597052895069:b9ade8a0-863b-4df2-b59b-ae7757fe3947
421,"size == ""3""","isEmpty == ""False""","peek_obj_type == ""class experiment.drivers.AlejaStackTestDriver""","calledMethod == ""push""","size_p == ""2""","isEmpty_p == ""True""","peek_obj_type_p == ""class java.lang.String""","calledMethod_p == ""push""",Yes,1597052895068:d16288a6-e232-4fdb-b87c-0c9227ad82fa,1597052895068:ed7d59fd-8e53-49a4-a662-4c5b7615540d
422,"size == ""4""","isEmpty == ""False""","peek_obj_type == ""class java.lang.Byte""","calledMethod == ""push""","size_p == ""3""","isEmpty_p == ""False""","peek_obj_type_p == ""class experiment.drivers.AlejaStackTestDriver""","calledMethod_p == ""push""",Yes,1597052895068:d16288a6-e232-4fdb-b87c-0c9227ad82fa,1597052895068:ed7d59fd-8e53-49a4-a662-4c5b7615540d
423,"size == ""3""","isEmpty == ""False""","peek_obj_type == ""class experiment.drivers.AlejaStackTestDriver""","calledMethod == ""pop""","size_p == ""4""","isEmpty_p == ""False""","peek_obj_type_p == ""class java.lang.Byte""","calledMethod_p == ""push""",Yes,1597052895068:d16288a6-e232-4fdb-b87c-0c9227ad82fa,1597052895068:ed7d59fd-8e53-49a4-a662-4c5b7615540d
424,"size == ""2""","isEmpty == ""True""","peek_obj_type == ""class java.lang.String""","calledMethod == ""pop""","size_p == ""3""","isEmpty_p == ""False""","peek_obj_type_p == ""class experiment.drivers.AlejaStackTestDriver""","calledMethod_p == ""pop""",Yes,1597052895068:d16288a6-e232-4fdb-b87c-0c9227ad82fa,1597052895068:ed7d59fd-8e53-49a4-a662-4c5b7615540d
468,"size == ""0""","isEmpty == ""True""","peek_obj_type == ""EmptyObject""","calledMethod == ""pop""","size_p == ""0""","isEmpty_p == ""True""","peek_obj_type_p == ""EmptyObject""","calledMethod_p == ""clear""",No,1597052895067:4d59da2b-500b-409b-949b-3ab2abe14712,1597052895067:a43b9ff4-d96a-48e3-b01e-d69730a7c2df
524,"size == ""1""","isEmpty == ""False""","peek_obj_type == ""class java.lang.String""","calledMethod == ""push""","size_p == ""0""","isEmpty_p == ""True""","peek_obj_type_p == ""EmptyObject""","calledMethod_p == ""clear""",No,1597052895065:8bf62e89-7f40-43d4-9475-664ceb258680,1597052895065:469f524c-044e-4b92-a35c-a950fd02acd4
582,"size == ""0""","isEmpty == ""True""","peek_obj_type == ""EmptyObject""","calledMethod == ""clear""","size_p == ""4""","isEmpty_p == ""False""","peek_obj_type_p == ""class java.lang.Double""","calledMethod_p == ""push""",No,1597052895064:59214b38-a239-4d6d-aa2e-d9b452902797,1597052895064:c2f52e30-6599-4ca6-aee2-7d982c99de93
669,"size == ""3""","isEmpty == ""False""","peek_obj_type == ""class java.lang.Long""","calledMethod == ""push""","size_p == ""2""","isEmpty_p == ""True""","peek_obj_type_p == ""class java.lang.String""","calledMethod_p == ""push""",Yes,1597052895063:058ce25a-1c29-4561-ad00-afc5d8db8525,1597052895063:9afac87c-f2e6-4128-a90f-48375117b26d
888,"size == ""2""","isEmpty == ""True""","peek_obj_type == ""class java.lang.String""","calledMethod == ""pop""","size_p == ""3""","isEmpty_p == ""False""","peek_obj_type_p == ""class java.lang.Float""","calledMethod_p == ""push""",Yes,1597052895058:acf33ef0-4261-4433-87b2-f0af0d95092b,1597052895059:0e9b96a2-4bb3-42bb-8187-cf3fda78ef4e
907,"size == ""2""","isEmpty == ""True""","peek_obj_type == ""class java.lang.String""","calledMethod == ""push""","size_p == ""1""","isEmpty_p == ""False""","peek_obj_type_p == ""class java.lang.Class""","calledMethod_p == ""push""",Yes,1597052895058:acf33ef0-4261-4433-87b2-f0af0d95092b,1597052895058:bc642503-6877-4ea0-94ba-b245fbf021fc
935,"size == ""0""","isEmpty == ""True""","peek_obj_type == ""EmptyObject""","calledMethod == ""pop""","size_p == ""1""","isEmpty_p == ""False""","peek_obj_type_p == ""class java.lang.Short""","calledMethod_p == ""push""",No,1597052895057:e4ea8051-02ff-4d1d-bec2-1d9c7e4cf145,1597052895057:4779febc-793b-49f9-b518-6d01a744c26c
983,"size == ""0""","isEmpty == ""True""","peek_obj_type == ""EmptyObject""","calledMethod == ""clear""","size_p == ""3""","isEmpty_p == ""False""","peek_obj_type_p == ""class java.lang.Float""","calledMethod_p == ""push""",No,1597052895057:39fa668a-eb11-4ea7-abae-0039259f043b,1597052895058:2bd91fb0-673d-4535-8211-de2cb18bb8a1
1025,"size == ""3""","isEmpty == ""False""","peek_obj_type == ""class java.lang.Boolean""","calledMethod == ""push""","size_p == ""2""","isEmpty_p == ""True""","peek_obj_type_p == ""class java.lang.String""","calledMethod_p == ""pop""",Yes,1597052895056:2f1a6328-ca77-4c94-b52b-5787e77901ad,1597052895056:5c52fe31-f694-440e-9655-81b30f6daaeb
1032,"size == ""2""","isEmpty == ""True""","peek_obj_type == ""class java.lang.String""","calledMethod == ""pop""","size_p == ""3""","isEmpty_p == ""False""","peek_obj_type_p == ""class java.lang.Double""","calledMethod_p == ""push""",Yes,1597052895056:2f1a6328-ca77-4c94-b52b-5787e77901ad,1597052895056:0529d2dd-9b4f-4683-9a99-a3ba05911305
1163,"size == ""1""","isEmpty == ""False""","peek_obj_type == ""class java.lang.Class""","calledMethod == ""push""","size_p == ""0""","isEmpty_p == ""True""","peek_obj_type_p == ""EmptyObject""","calledMethod_p == ""pop""",No,1597052895054:54b036bf-aefa-4d09-90ad-b5ac94a0bd00,1597052895054:0cbba7db-4f21-4fa8-b7fe-ce492e18516d
1208,"size == ""3""","isEmpty == ""False""","peek_obj_type == ""class java.lang.Boolean""","calledMethod == ""pop""","size_p == ""4""","isEmpty_p == ""False""","peek_obj_type_p == ""class experiment.drivers.AlejaStackTestDriver""","calledMethod_p == ""push""",Yes,1597052895053:2db22383-9145-472b-92b3-986912b019ab,1597052895053:17a1ca41-6a85-461a-9213-07c0064add60
1324,"size == ""2""","isEmpty == ""True""","peek_obj_type == ""class java.lang.String""","calledMethod == ""pop""","size_p == ""3""","isEmpty_p == ""False""","peek_obj_type_p == ""class java.lang.Short""","calledMethod_p == ""push""",Yes,1597052895050:08c2be4a-fae4-49fb-81c1-29c80368d934,1597052895051:c70f4684-d90b-44d3-9ea9-aaf4307e8954
1325,"size == ""3""","isEmpty == ""False""","peek_obj_type == ""class java.lang.Short""","calledMethod == ""push""","size_p == ""2""","isEmpty_p == ""True""","peek_obj_type_p == ""class java.lang.String""","calledMethod_p == ""pop""",Yes,1597052895050:08c2be4a-fae4-49fb-81c1-29c80368d934,1597052895051:c70f4684-d90b-44d3-9ea9-aaf4307e8954
1349,"size == ""0""","isEmpty == ""True""","peek_obj_type == ""EmptyObject""","calledMethod == ""pop""","size_p == ""0""","isEmpty_p == ""True""","peek_obj_type_p == ""EmptyObject""","calledMethod_p == ""pop""",No,1597052895050:08c2be4a-fae4-49fb-81c1-29c80368d934,1597052895051:332657f7-a7c2-4af1-a45c-ceadeb3a9c22
1503,"size == ""0""","isEmpty == ""True""","peek_obj_type == ""EmptyObject""","calledMethod == ""clear""","size_p == ""1""","isEmpty_p == ""False""","peek_obj_type_p == ""class java.lang.String""","calledMethod_p == ""push""",No,1597052895048:10e937c7-416c-4ca6-be95-2b29271784d9,1597052895048:415aaf91-f2ba-4c19-91cb-9f73728266d2
2196,"size == ""0""","isEmpty == ""True""","peek_obj_type == ""EmptyObject""","calledMethod == ""clear""","size_p == ""3""","isEmpty_p == ""False""","peek_obj_type_p == ""class java.lang.Short""","calledMethod_p == ""push""",No,1597052895035:687e3a89-e278-4cd2-bc92-684d093c6f45,1597052895035:8f221ad2-cd47-4a5c-909d-c5781268b49e
2845,"size == ""1""","isEmpty == ""False""","peek_obj_type == ""class java.lang.Double""","calledMethod == ""push""","size_p == ""0""","isEmpty_p == ""True""","peek_obj_type_p == ""EmptyObject""","calledMethod_p == ""clear""",No,1597052895023:a76114e6-993d-46cb-8a7f-7678d7d86f46,1597052895023:4fb7d993-1939-44c5-9daf-c3482ad9dfca
2846,"size == ""0""","isEmpty == ""True""","peek_obj_type == ""EmptyObject""","calledMethod == ""pop""","size_p == ""1""","isEmpty_p == ""False""","peek_obj_type_p == ""class java.lang.Double""","calledMethod_p == ""push""",No,1597052895023:a76114e6-993d-46cb-8a7f-7678d7d86f46,1597052895023:4fb7d993-1939-44c5-9daf-c3482ad9dfca
3346,"size == ""3""","isEmpty == ""False""","peek_obj_type == ""class java.lang.Class""","calledMethod == ""push""","size_p == ""2""","isEmpty_p == ""True""","peek_obj_type_p == ""class java.lang.String""","calledMethod_p == ""push""",Yes,1597052895015:72664a86-8ca0-4b7d-b949-6d2838f2acab,1597052895016:76c4a492-4c5e-4f80-9ac4-366f1086375e
3347,"size == ""2""","isEmpty == ""True""","peek_obj_type == ""class java.lang.String""","calledMethod == ""pop""","size_p == ""3""","isEmpty_p == ""False""","peek_obj_type_p == ""class java.lang.Class""","calledMethod_p == ""push""",Yes,1597052895015:72664a86-8ca0-4b7d-b949-6d2838f2acab,1597052895016:76c4a492-4c5e-4f80-9ac4-366f1086375e
3599,"size == ""1""","isEmpty == ""False""","peek_obj_type == ""class java.lang.Float""","calledMethod == ""push""","size_p == ""0""","isEmpty_p == ""True""","peek_obj_type_p == ""EmptyObject""","calledMethod_p == ""clear""",No,1597052895012:174b020a-7d4b-4f2f-a19a-91bf7c5eeffa,1597052895012:2e1a2ad0-cb13-4844-93b5-e0c36af203be
3714,"size == ""4""","isEmpty == ""False""","peek_obj_type == ""class java.lang.Class""","calledMethod == ""push""","size_p == ""3""","isEmpty_p == ""False""","peek_obj_type_p == ""class java.lang.Float""","calledMethod_p == ""push""",Yes,1597052895010:9221fc23-2612-4eba-9357-a0e191fcd2ca,1597052895011:7414cf90-206c-4102-8ef9-2722c58ebd1b
4184,"size == ""0""","isEmpty == ""True""","peek_obj_type == ""EmptyObject""","calledMethod == ""clear""","size_p == ""1""","isEmpty_p == ""False""","peek_obj_type_p == ""class java.lang.Float""","calledMethod_p == ""push""",No,1597052895005:7133c0e4-0539-4b6e-acba-21566f31f509,1597052895005:5fedd88a-4893-4580-9e82-542969c14818
4278,"size == ""0""","isEmpty == ""True""","peek_obj_type == ""EmptyObject""","calledMethod == ""clear""","size_p == ""4""","isEmpty_p == ""False""","peek_obj_type_p == ""class java.lang.Byte""","calledMethod_p == ""push""",No,1597052895004:20845515-6a4f-4036-9dfa-c77b437e1292,1597052895005:a1a21de5-879f-4bde-a87c-bc2b0a2e42b5
4330,"size == ""3""","isEmpty == ""False""","peek_obj_type == ""class java.lang.Float""","calledMethod == ""pop""","size_p == ""4""","isEmpty_p == ""False""","peek_obj_type_p == ""class java.lang.Double""","calledMethod_p == ""push""",Yes,1597052895004:115438d8-0d31-471a-aacc-24de8507f54c,1597052895004:a38a7e26-1617-4a0b-bba6-e8cfb0a8a369
4331,"size == ""0""","isEmpty == ""True""","peek_obj_type == ""EmptyObject""","calledMethod == ""clear""","size_p == ""3""","isEmpty_p == ""False""","peek_obj_type_p == ""class java.lang.Float""","calledMethod_p == ""pop""",No,1597052895004:115438d8-0d31-471a-aacc-24de8507f54c,1597052895004:a38a7e26-1617-4a0b-bba6-e8cfb0a8a369
4377,"size == ""5""","isEmpty == ""False""","peek_obj_type == ""class java.lang.Class""","calledMethod == ""push""","size_p == ""4""","isEmpty_p == ""False""","peek_obj_type_p == ""class java.lang.Class""","calledMethod_p == ""push""",Yes,1597052895003:f90ea525-cf8e-42db-9833-32cd85ca43e5,1597052895003:c1f5f3d8-e268-4de9-9289-005d4b5c841e
4378,"size == ""4""","isEmpty == ""False""","peek_obj_type == ""class java.lang.Class""","calledMethod == ""pop""","size_p == ""5""","isEmpty_p == ""False""","peek_obj_type_p == ""class java.lang.Class""","calledMethod_p == ""push""",Yes,1597052895003:f90ea525-cf8e-42db-9833-32cd85ca43e5,1597052895003:c1f5f3d8-e268-4de9-9289-005d4b5c841e
4379,"size == ""3""","isEmpty == ""False""","peek_obj_type == ""class java.lang.Float""","calledMethod == ""pop""","size_p == ""4""","isEmpty_p == ""False""","peek_obj_type_p == ""class java.lang.Class""","calledMethod_p == ""pop""",Yes,1597052895003:f90ea525-cf8e-42db-9833-32cd85ca43e5,1597052895003:c1f5f3d8-e268-4de9-9289-005d4b5c841e
4608,"size == ""0""","isEmpty == ""True""","peek_obj_type == ""EmptyObject""","calledMethod == ""clear""","size_p == ""3""","isEmpty_p == ""False""","peek_obj_type_p == ""class java.lang.Boolean""","calledMethod_p == ""pop""",No,1597052895001:1904fb1c-5577-454d-813c-a4b4a41dfb61,1597052895001:272d2b59-ea79-4bb1-b53a-62bcb7fc1a2d
4614,"size == ""3""","isEmpty == ""False""","peek_obj_type == ""class java.lang.Float""","calledMethod == ""push""","size_p == ""2""","isEmpty_p == ""True""","peek_obj_type_p == ""class java.lang.String""","calledMethod_p == ""pop""",Yes,1597052895000:e4e1f63a-7234-4054-aa7c-7c15d1651dc7,1597052895000:f676d40d-1b3f-4d25-bed7-414538e34e14
4615,"size == ""4""","isEmpty == ""False""","peek_obj_type == ""class java.lang.Boolean""","calledMethod == ""push""","size_p == ""3""","isEmpty_p == ""False""","peek_obj_type_p == ""class java.lang.Float""","calledMethod_p == ""push""",Yes,1597052895000:e4e1f63a-7234-4054-aa7c-7c15d1651dc7,1597052895000:f676d40d-1b3f-4d25-bed7-414538e34e14
4616,"size == ""0""","isEmpty == ""True""","peek_obj_type == ""EmptyObject""","calledMethod == ""clear""","size_p == ""4""","isEmpty_p == ""False""","peek_obj_type_p == ""class java.lang.Boolean""","calledMethod_p == ""push""",No,1597052895000:e4e1f63a-7234-4054-aa7c-7c15d1651dc7,1597052895000:f676d40d-1b3f-4d25-bed7-414538e34e14
5012,"size == ""3""","isEmpty == ""False""","peek_obj_type == ""class java.lang.Float""","calledMethod == ""pop""","size_p == ""4""","isEmpty_p == ""False""","peek_obj_type_p == ""class java.lang.Class""","calledMethod_p == ""push""",Yes,1597052894996:16cc775b-9e37-458a-90ec-b3059de1884c,1597052894996:9f28eae8-5813-4d22-b0dc-f6120d5b3d49
5699,"size == ""0""","isEmpty == ""True""","peek_obj_type == ""EmptyObject""","calledMethod == ""clear""","size_p == ""3""","isEmpty_p == ""False""","peek_obj_type_p == ""class java.lang.Double""","calledMethod_p == ""push""",No,1597052894988:c5456d14-e634-4630-972a-3e89d9891805,1597052894988:dacf3f6a-25b5-464f-8004-43db62954576
6206,"size == ""0""","isEmpty == ""True""","peek_obj_type == ""EmptyObject""","calledMethod == ""pop""","size_p == ""1""","isEmpty_p == ""False""","peek_obj_type_p == ""class java.lang.Byte""","calledMethod_p == ""push""",No,1597052894981:a90b1270-b01c-49ed-81a1-36428ceb7bc6,1597052894981:6e5a2dbc-5e18-4739-9fd1-def79281485e
6435,"size == ""2""","isEmpty == ""True""","peek_obj_type == ""class java.lang.String""","calledMethod == ""pop""","size_p == ""3""","isEmpty_p == ""False""","peek_obj_type_p == ""class experiment.drivers.AlejaStackTestDriver""","calledMethod_p == ""push""",Yes,1597052894979:705dfbb4-30cc-42df-b832-497923aab742,1597052894979:99228921-ed2d-4a1e-902d-2bad3595df8b
7596,"size == ""0""","isEmpty == ""True""","peek_obj_type == ""EmptyObject""","calledMethod == ""clear""","size_p == ""3""","isEmpty_p == ""False""","peek_obj_type_p == ""class experiment.drivers.AlejaStackTestDriver""","calledMethod_p == ""pop""",No,1597052894965:bd5fe677-2ae1-48a2-8477-eeca295f5c96,1597052894965:f4e59c0e-ad9b-4561-9870-2d6c5047ea6f
7737,"size == ""0""","isEmpty == ""True""","peek_obj_type == ""EmptyObject""","calledMethod == ""clear""","size_p == ""4""","isEmpty_p == ""False""","peek_obj_type_p == ""class experiment.drivers.AlejaStackTestDriver""","calledMethod_p == ""push""",No,1597052894964:07be4bf3-2468-4f99-851a-2d06f702fe2b,1597052894964:6b209198-efa6-4f8a-a3d2-f3a94d6f983e
7907,"size == ""3""","isEmpty == ""False""","peek_obj_type == ""class java.lang.Double""","calledMethod == ""push""","size_p == ""2""","isEmpty_p == ""True""","peek_obj_type_p == ""class java.lang.String""","calledMethod_p == ""pop""",Yes,1597052894962:e23b931d-90d5-4524-9de9-52dbccb00ab7,1597052894962:5fa1af66-e598-4a4b-8d3e-8621cffca17b
8596,"size == ""1""","isEmpty == ""False""","peek_obj_type == ""class java.lang.Long""","calledMethod == ""push""","size_p == ""0""","isEmpty_p == ""True""","peek_obj_type_p == ""EmptyObject""","calledMethod_p == ""pop""",No,1597052894953:810faecb-37f5-4d20-b3e2-ac07c207936a,1597052894953:3e13e17d-f3df-4e4c-b3cf-140183b6b3c4
9258,"size == ""0""","isEmpty == ""True""","peek_obj_type == ""EmptyObject""","calledMethod == ""clear""","size_p == ""3""","isEmpty_p == ""False""","peek_obj_type_p == ""class java.lang.Long""","calledMethod_p == ""push""",No,1597052894945:a115f1f2-e650-4c43-ae0d-f7c9573381a6,1597052894945:d4312286-8a93-4fd0-b7c0-13eb79527115
9281,"size == ""1""","isEmpty == ""False""","peek_obj_type == ""class java.lang.Object""","calledMethod == ""push""","size_p == ""0""","isEmpty_p == ""True""","peek_obj_type_p == ""EmptyObject""","calledMethod_p == ""clear""",No,1597052894945:9c954621-cf2c-4e25-8471-6eefdc0e29a8,1597052894946:1b8ed100-c496-4c48-b2e5-f16b96f480d5
9282,"size == ""0""","isEmpty == ""True""","peek_obj_type == ""EmptyObject""","calledMethod == ""pop""","size_p == ""1""","isEmpty_p == ""False""","peek_obj_type_p == ""class java.lang.Object""","calledMethod_p == ""push""",No,1597052894945:9c954621-cf2c-4e25-8471-6eefdc0e29a8,1597052894946:1b8ed100-c496-4c48-b2e5-f16b96f480d5
13440,"size == ""2""","isEmpty == ""True""","peek_obj_type == ""class java.lang.String""","calledMethod == ""pop""","size_p == ""3""","isEmpty_p == ""False""","peek_obj_type_p == ""class java.lang.Boolean""","calledMethod_p == ""pop""",Yes,1597052894895:6f9d36b5-9fe4-4915-a943-747b20709a14,1597052894895:c6bbfc7a-fc82-47de-a5c8-5f6710e30bad
13792,"size == ""0""","isEmpty == ""True""","peek_obj_type == ""EmptyObject""","calledMethod == ""clear""","size_p == ""3""","isEmpty_p == ""False""","peek_obj_type_p == ""class java.lang.Boolean""","calledMethod_p == ""push""",No,1597052894891:91f0779d-8d2f-4480-a28f-4d6d7867b5ad,1597052894891:15d7dfad-a333-4abb-90ea-e945c416cc6c
14454,"size == ""3""","isEmpty == ""False""","peek_obj_type == ""class java.lang.Double""","calledMethod == ""pop""","size_p == ""4""","isEmpty_p == ""False""","peek_obj_type_p == ""class java.lang.Boolean""","calledMethod_p == ""push""",Yes,1597052894883:89dde5bf-c436-4dac-8dac-b63291a35b23,1597052894883:001a6243-c358-4255-ae13-9291f6fd141b
15542,"size == ""0""","isEmpty == ""True""","peek_obj_type == ""EmptyObject""","calledMethod == ""clear""","size_p == ""1""","isEmpty_p == ""False""","peek_obj_type_p == ""class java.lang.Double""","calledMethod_p == ""push""",No,1597052894866:fa8930f2-0760-41be-839f-7dbf2cae3c9f,1597052894866:c8913612-c905-4d71-98f4-e0ace4bce543
16608,"size == ""0""","isEmpty == ""True""","peek_obj_type == ""EmptyObject""","calledMethod == ""clear""","size_p == ""1""","isEmpty_p == ""False""","peek_obj_type_p == ""class java.lang.Long""","calledMethod_p == ""push""",No,1597052894854:7f843b30-b6ea-4daf-a8a7-97ecae5fd937,1597052894854:9c78b4e8-ab94-4f0b-923f-d207abbb32dc
16621,"size == ""1""","isEmpty == ""False""","peek_obj_type == ""class java.lang.Short""","calledMethod == ""push""","size_p == ""0""","isEmpty_p == ""True""","peek_obj_type_p == ""EmptyObject""","calledMethod_p == ""clear""",No,1597052894854:23a677c8-2d2b-4fed-b3cf-8d898d8f26ff,1597052894854:7344afcc-6c4d-4c3e-bd23-71374905b37f
17400,"size == ""1""","isEmpty == ""False""","peek_obj_type == ""class java.lang.Boolean""","calledMethod == ""push""","size_p == ""0""","isEmpty_p == ""True""","peek_obj_type_p == ""EmptyObject""","calledMethod_p == ""clear""",No,1597052894844:ec892cdd-45dc-457d-b21d-9cc4ed34fc54,1597052894844:ffd84c0e-1bd3-42d1-9e8c-79b6c5089f55
17421,"size == ""0""","isEmpty == ""True""","peek_obj_type == ""EmptyObject""","calledMethod == ""clear""","size_p == ""1""","isEmpty_p == ""False""","peek_obj_type_p == ""class java.lang.Boolean""","calledMethod_p == ""push""",No,1597052894844:ec892cdd-45dc-457d-b21d-9cc4ed34fc54,1597052894844:ba2d58a9-bd9f-484d-96fa-3235b5419317
17867,"size == ""4""","isEmpty == ""False""","peek_obj_type == ""class experiment.drivers.AlejaStackTestDriver""","calledMethod == ""push""","size_p == ""3""","isEmpty_p == ""False""","peek_obj_type_p == ""class java.lang.Float""","calledMethod_p == ""push""",Yes,1597052894839:69bc8a7d-3107-4eae-9769-be0f03bca3bf,1597052894839:35317e12-fbb6-4b93-bc9d-b5dc5027640c
20352,"size == ""0""","isEmpty == ""True""","peek_obj_type == ""EmptyObject""","calledMethod == ""clear""","size_p == ""4""","isEmpty_p == ""False""","peek_obj_type_p == ""class java.lang.Class""","calledMethod_p == ""push""",No,1597052894810:c9516d66-324f-4d09-94fa-81582dc1813a,1597052894810:c6b3ebbb-7188-41a2-b12a-8ddd6f76886f
21394,"size == ""2""","isEmpty == ""True""","peek_obj_type == ""class java.lang.String""","calledMethod == ""pop""","size_p == ""3""","isEmpty_p == ""False""","peek_obj_type_p == ""class java.lang.Double""","calledMethod_p == ""pop""",Yes,1597052894798:2e8c7601-3dab-42c5-8c7a-a495bf089183,1597052894798:67a67d52-bad9-42ac-9e44-c75f2820be0a
22394,"size == ""2""","isEmpty == ""True""","peek_obj_type == ""class java.lang.String""","calledMethod == ""pop""","size_p == ""3""","isEmpty_p == ""False""","peek_obj_type_p == ""class java.lang.Float""","calledMethod_p == ""pop""",Yes,1597052894786:cc7ca69b-c534-4f2e-ad4e-1f22ab0fe798,1597052894786:5b9e48ae-6876-41f7-9284-5bf9421a2795
34511,"size == ""1""","isEmpty == ""False""","peek_obj_type == ""class java.lang.Integer""","calledMethod == ""push""","size_p == ""0""","isEmpty_p == ""True""","peek_obj_type_p == ""EmptyObject""","calledMethod_p == ""clear""",No,1597052894590:fb759cf9-fdc5-4663-a70b-f90ae6e4c39e,1597052894590:d10bc436-5d86-4ae1-a03e-18f291a582b2
34522,"size == ""2""","isEmpty == ""True""","peek_obj_type == ""class java.lang.String""","calledMethod == ""pop""","size_p == ""3""","isEmpty_p == ""False""","peek_obj_type_p == ""class java.lang.Long""","calledMethod_p == ""push""",Yes,1597052894590:fb759cf9-fdc5-4663-a70b-f90ae6e4c39e,1597052894590:0431383c-150d-4b89-bfc1-73a26f5ae012
34737,"size == ""0""","isEmpty == ""True""","peek_obj_type == ""EmptyObject""","calledMethod == ""clear""","size_p == ""3""","isEmpty_p == ""False""","peek_obj_type_p == ""class java.lang.Class""","calledMethod_p == ""push""",No,1597052894579:bae816b2-2ea3-45f7-8cf6-59ed62f8b3ef,1597052894579:a6a987f2-3670-4169-9c14-bf3ea10eb5fa
34772,"size == ""0""","isEmpty == ""True""","peek_obj_type == ""EmptyObject""","calledMethod == ""clear""","size_p == ""1""","isEmpty_p == ""False""","peek_obj_type_p == ""class java.lang.Object""","calledMethod_p == ""push""",No,1597052894579:6cb9c621-8beb-4d8e-8765-220e7a82d271,1597052894579:7ca3b068-56f6-429b-b70b-0716c879d69d
36083,"size == ""1""","isEmpty == ""False""","peek_obj_type == ""class java.lang.Byte""","calledMethod == ""push""","size_p == ""0""","isEmpty_p == ""True""","peek_obj_type_p == ""EmptyObject""","calledMethod_p == ""clear""",No,1597052894540:a00b2481-322c-4b7d-984c-fe0e4f6b4a11,1597052894541:6dbb6df6-7c9b-4a0f-b6f9-ff53ba4d8b20
44048,"size == ""0""","isEmpty == ""True""","peek_obj_type == ""EmptyObject""","calledMethod == ""clear""","size_p == ""1""","isEmpty_p == ""False""","peek_obj_type_p == ""class java.lang.Short""","calledMethod_p == ""push""",No,1597052894308:64a47a35-a1e3-477f-a0a6-2ece0d3792c4,1597052894308:1847d9da-4032-46fa-8029-bf9dff698d42
46145,"size == ""0""","isEmpty == ""True""","peek_obj_type == ""EmptyObject""","calledMethod == ""pop""",x,x,x,x,No,1597052894224:9b1328da-e9a6-4ba9-a75d-ba72d87df9ad,1597052894224:058aded9-7712-4e87-b7a2-d5af812bdfde
