,Unnamed: 0,size,isEmpty,peek_obj_type,calledMethod,pushInput,size_p,isEmpty_p,peek_obj_type_p,calledMethod_p,pushInput_p,diff,testId,instanceId,Matched_LHS,RuleMatched_LHS,Matched,RuleMatched,Violated,RuleViolated
0,1,"size == ""1""","isEmpty == ""False""","peek_obj_type == ""class java.lang.Float""","calledMethod == ""push""","pushInput == ""class java.lang.Float""",x,x,x,x,x,No,1597052895075:91d85d6f-61da-435f-8516-639ead295039,1597052895075:740ad771-78b4-4714-a34d-c4a514d6eccf,0,,1,['118'],0,
1,2,"size == ""0""","isEmpty == ""True""","peek_obj_type == ""EmptyObject""","calledMethod == ""pop""","pushInput == ""none""","size_p == ""1""","isEmpty_p == ""False""","peek_obj_type_p == ""class java.lang.Float""","calledMethod_p == ""push""","pushInput_p == ""class java.lang.Float""",No,1597052895075:91d85d6f-61da-435f-8516-639ead295039,1597052895075:740ad771-78b4-4714-a34d-c4a514d6eccf,0,,96,"['1', '8', '9', '16', '17', '18', '19', '20', '21', '22', '23', '24', '25', '26', '27', '28', '29', '30', '32', '33', '37', '38', '44', '45', '46', '47', '48', '49', '50', '51', '52', '53', '54', '55', '56', '57', '58', '59', '60', '62', '65', '66', '67', '68', '71', '72', '73', '75', '76', '77', '78', '79', '85', '86', '87', '88', '89', '90', '91', '94', '95', '96', '99', '100', '101', '102', '103', '104', '105', '106', '107', '108', '109', '110', '111', '112', '113', '114', '115', '117', '120', '121', '122', '123', '124', '125', '126', '128', '129', '130', '131', '132', '133', '134', '135', '136']",0,
2,3,"size == ""0""","isEmpty == ""True""","peek_obj_type == ""EmptyObject""","calledMethod == ""clear""","pushInput == ""none""","size_p == ""0""","isEmpty_p == ""True""","peek_obj_type_p == ""EmptyObject""","calledMethod_p == ""pop""","pushInput_p == ""none""",No,1597052895075:91d85d6f-61da-435f-8516-639ead295039,1597052895075:740ad771-78b4-4714-a34d-c4a514d6eccf,0,,44,"['16', '17', '25', '26', '27', '28', '29', '30', '37', '38', '44', '45', '46', '47', '48', '62', '74', '75', '76', '77', '78', '79', '91', '109', '110', '111', '112', '113', '114', '117', '120', '121', '122', '123', '124', '126', '128', '129', '130', '132', '133', '134', '135', '136']",0,
3,4,"size == ""1""","isEmpty == ""False""","peek_obj_type == ""class java.lang.Long""","calledMethod == ""push""","pushInput == ""class java.lang.Long""","size_p == ""0""","isEmpty_p == ""True""","peek_obj_type_p == ""EmptyObject""","calledMethod_p == ""clear""","pushInput_p == ""none""",No,1597052895075:91d85d6f-61da-435f-8516-639ead295039,1597052895075:740ad771-78b4-4714-a34d-c4a514d6eccf,0,,1,['118'],0,
4,5,"size == ""2""","isEmpty == ""True""","peek_obj_type == ""class java.lang.String""","calledMethod == ""push""","pushInput == ""class java.lang.String""","size_p == ""1""","isEmpty_p == ""False""","peek_obj_type_p == ""class java.lang.Long""","calledMethod_p == ""push""","pushInput_p == ""class java.lang.Long""",Yes,1597052895075:91d85d6f-61da-435f-8516-639ead295039,1597052895075:740ad771-78b4-4714-a34d-c4a514d6eccf,22,"['9', '11', '12', '17', '21', '30', '31', '33', '40', '42', '55', '62', '68', '73', '79', '90', '92', '116', '118', '124', '128', '136']",4,"['7', '64', '88', '131']",22,"['9', '11', '12', '17', '21', '30', '31', '33', '40', '42', '55', '62', '68', '73', '79', '90', '92', '116', '118', '124', '128', '136']"
5,6,"size == ""3""","isEmpty == ""False""","peek_obj_type == ""class java.lang.Boolean""","calledMethod == ""push""","pushInput == ""class experiment.drivers.AlejaStackTestDriver""","size_p == ""2""","isEmpty_p == ""True""","peek_obj_type_p == ""class java.lang.String""","calledMethod_p == ""push""","pushInput_p == ""class java.lang.String""",Yes,1597052895075:91d85d6f-61da-435f-8516-639ead295039,1597052895075:740ad771-78b4-4714-a34d-c4a514d6eccf,8,"['2', '7', '14', '15', '41', '42', '88', '127']",2,"['116', '118']",8,"['2', '7', '14', '15', '41', '42', '88', '127']"
6,7,"size == ""2""","isEmpty == ""True""","peek_obj_type == ""class java.lang.String""","calledMethod == ""pop""","pushInput == ""none""","size_p == ""3""","isEmpty_p == ""False""","peek_obj_type_p == ""class java.lang.Boolean""","calledMethod_p == ""push""","pushInput_p == ""class experiment.drivers.AlejaStackTestDriver""",Yes,1597052895075:91d85d6f-61da-435f-8516-639ead295039,1597052895075:740ad771-78b4-4714-a34d-c4a514d6eccf,21,"['9', '11', '12', '17', '21', '30', '31', '33', '53', '55', '73', '77', '79', '86', '90', '108', '121', '124', '128', '132', '136']",13,"['22', '23', '24', '62', '64', '68', '88', '93', '94', '95', '96', '103', '125']",21,"['9', '11', '12', '17', '21', '30', '31', '33', '53', '55', '73', '77', '79', '86', '90', '108', '121', '124', '128', '132', '136']"
7,8,"size == ""2""","isEmpty == ""True""","peek_obj_type == ""class java.lang.String""","calledMethod == ""pop""","pushInput == ""none""","size_p == ""2""","isEmpty_p == ""True""","peek_obj_type_p == ""class java.lang.String""","calledMethod_p == ""pop""","pushInput_p == ""none""",Yes,1597052895075:91d85d6f-61da-435f-8516-639ead295039,1597052895075:740ad771-78b4-4714-a34d-c4a514d6eccf,13,"['11', '14', '17', '30', '31', '64', '77', '79', '121', '124', '128', '132', '136']",3,"['62', '74', '94']",13,"['11', '14', '17', '30', '31', '64', '77', '79', '121', '124', '128', '132', '136']"
8,16,"size == ""2""","isEmpty == ""True""","peek_obj_type == ""class java.lang.String""","calledMethod == ""push""","pushInput == ""class java.lang.String""","size_p == ""1""","isEmpty_p == ""False""","peek_obj_type_p == ""class java.lang.Float""","calledMethod_p == ""push""","pushInput_p == ""class java.lang.Float""",Yes,1597052895075:11a92c6f-707d-4024-8445-d8ed8a6fbd1c,1597052895075:90b790d1-2f06-4103-aa49-4f7d2584741c,22,"['9', '11', '12', '17', '21', '30', '31', '33', '40', '42', '55', '62', '68', '73', '79', '90', '92', '116', '118', '124', '128', '136']",4,"['7', '64', '88', '131']",22,"['9', '11', '12', '17', '21', '30', '31', '33', '40', '42', '55', '62', '68', '73', '79', '90', '92', '116', '118', '124', '128', '136']"
9,25,"size == ""2""","isEmpty == ""True""","peek_obj_type == ""class java.lang.String""","calledMethod == ""pop""","pushInput == ""none""","size_p == ""2""","isEmpty_p == ""True""","peek_obj_type_p == ""class java.lang.String""","calledMethod_p == ""push""","pushInput_p == ""class java.lang.String""",Yes,1597052895075:11a92c6f-707d-4024-8445-d8ed8a6fbd1c,1597052895075:71b24b41-7052-406d-87df-6644abadf747,19,"['11', '14', '15', '17', '22', '24', '30', '31', '64', '77', '79', '88', '96', '103', '121', '124', '128', '132', '136']",3,"['62', '94', '95']",19,"['11', '14', '15', '17', '22', '24', '30', '31', '64', '77', '79', '88', '96', '103', '121', '124', '128', '132', '136']"
10,33,"size == ""4""","isEmpty == ""False""","peek_obj_type == ""class experiment.drivers.AlejaStackTestDriver""","calledMethod == ""push""","pushInput == ""class java.lang.Float""","size_p == ""3""","isEmpty_p == ""False""","peek_obj_type_p == ""class java.lang.Boolean""","calledMethod_p == ""push""","pushInput_p == ""class experiment.drivers.AlejaStackTestDriver""",Yes,1597052895075:11a92c6f-707d-4024-8445-d8ed8a6fbd1c,1597052895075:35a21461-0c46-4cff-9f86-ad01ac8ddfa1,0,,12,"['0', '7', '10', '40', '41', '42', '88', '92', '93', '116', '118', '127']",0,
11,42,"size == ""0""","isEmpty == ""True""","peek_obj_type == ""EmptyObject""","calledMethod == ""clear""","pushInput == ""none""",x,x,x,x,x,No,1597052895074:eeb21dfb-4f07-422a-a480-0ce8177b90c8,1597052895074:98399871-d333-4dc3-882b-83c1793aaada,0,,43,"['16', '17', '25', '26', '27', '28', '29', '30', '37', '38', '44', '45', '46', '47', '48', '62', '75', '76', '77', '78', '79', '91', '109', '110', '111', '112', '113', '114', '117', '120', '121', '122', '123', '124', '126', '128', '129', '130', '132', '133', '134', '135', '136']",0,
12,43,"size == ""1""","isEmpty == ""False""","peek_obj_type == ""class java.lang.Class""","calledMethod == ""push""","pushInput == ""class java.lang.Class""","size_p == ""0""","isEmpty_p == ""True""","peek_obj_type_p == ""EmptyObject""","calledMethod_p == ""clear""","pushInput_p == ""none""",No,1597052895074:eeb21dfb-4f07-422a-a480-0ce8177b90c8,1597052895074:98399871-d333-4dc3-882b-83c1793aaada,0,,1,['118'],0,
13,44,"size == ""0""","isEmpty == ""True""","peek_obj_type == ""EmptyObject""","calledMethod == ""clear""","pushInput == ""none""","size_p == ""1""","isEmpty_p == ""False""","peek_obj_type_p == ""class java.lang.Class""","calledMethod_p == ""push""","pushInput_p == ""class java.lang.Class""",No,1597052895074:eeb21dfb-4f07-422a-a480-0ce8177b90c8,1597052895074:98399871-d333-4dc3-882b-83c1793aaada,0,,89,"['1', '8', '9', '16', '17', '18', '19', '20', '21', '25', '26', '27', '28', '29', '30', '32', '33', '37', '38', '44', '45', '46', '47', '48', '49', '50', '51', '52', '53', '54', '55', '56', '57', '58', '59', '60', '62', '65', '66', '67', '68', '71', '72', '73', '75', '76', '77', '78', '79', '85', '86', '87', '88', '89', '90', '91', '99', '100', '101', '102', '103', '104', '105', '106', '107', '108', '109', '110', '111', '112', '113', '114', '115', '117', '120', '121', '122', '123', '124', '126', '128', '129', '130', '131', '132', '133', '134', '135', '136']",0,
14,45,"size == ""0""","isEmpty == ""True""","peek_obj_type == ""EmptyObject""","calledMethod == ""clear""","pushInput == ""none""","size_p == ""0""","isEmpty_p == ""True""","peek_obj_type_p == ""EmptyObject""","calledMethod_p == ""clear""","pushInput_p == ""none""",No,1597052895074:eeb21dfb-4f07-422a-a480-0ce8177b90c8,1597052895074:98399871-d333-4dc3-882b-83c1793aaada,0,,43,"['16', '17', '25', '26', '27', '28', '29', '30', '37', '38', '44', '45', '46', '47', '48', '62', '75', '76', '77', '78', '79', '91', '109', '110', '111', '112', '113', '114', '117', '120', '121', '122', '123', '124', '126', '128', '129', '130', '132', '133', '134', '135', '136']",0,
15,47,"size == ""1""","isEmpty == ""False""","peek_obj_type == ""class experiment.drivers.AlejaStackTestDriver""","calledMethod == ""push""","pushInput == ""class experiment.drivers.AlejaStackTestDriver""","size_p == ""0""","isEmpty_p == ""True""","peek_obj_type_p == ""EmptyObject""","calledMethod_p == ""clear""","pushInput_p == ""none""",No,1597052895074:eeb21dfb-4f07-422a-a480-0ce8177b90c8,1597052895074:98399871-d333-4dc3-882b-83c1793aaada,0,,2,"['0', '118']",0,
16,48,"size == ""2""","isEmpty == ""True""","peek_obj_type == ""class java.lang.String""","calledMethod == ""push""","pushInput == ""class java.lang.String""","size_p == ""1""","isEmpty_p == ""False""","peek_obj_type_p == ""class experiment.drivers.AlejaStackTestDriver""","calledMethod_p == ""push""","pushInput_p == ""class experiment.drivers.AlejaStackTestDriver""",Yes,1597052895074:eeb21dfb-4f07-422a-a480-0ce8177b90c8,1597052895074:98399871-d333-4dc3-882b-83c1793aaada,22,"['9', '11', '12', '17', '21', '30', '31', '33', '40', '42', '55', '62', '68', '73', '79', '90', '92', '116', '118', '124', '128', '136']",5,"['7', '63', '64', '88', '131']",22,"['9', '11', '12', '17', '21', '30', '31', '33', '40', '42', '55', '62', '68', '73', '79', '90', '92', '116', '118', '124', '128', '136']"
17,52,"size == ""1""","isEmpty == ""False""","peek_obj_type == ""class java.lang.Short""","calledMethod == ""push""","pushInput == ""class java.lang.Short""","size_p == ""0""","isEmpty_p == ""True""","peek_obj_type_p == ""EmptyObject""","calledMethod_p == ""pop""","pushInput_p == ""none""",No,1597052895074:eeb21dfb-4f07-422a-a480-0ce8177b90c8,1597052895074:8f62f39e-3cc3-45f1-9f5f-255ae2359e85,0,,2,"['74', '118']",0,
18,53,"size == ""2""","isEmpty == ""True""","peek_obj_type == ""class java.lang.String""","calledMethod == ""push""","pushInput == ""class java.lang.String""","size_p == ""1""","isEmpty_p == ""False""","peek_obj_type_p == ""class java.lang.Short""","calledMethod_p == ""push""","pushInput_p == ""class java.lang.Short""",Yes,1597052895074:eeb21dfb-4f07-422a-a480-0ce8177b90c8,1597052895074:8f62f39e-3cc3-45f1-9f5f-255ae2359e85,22,"['9', '11', '12', '17', '21', '30', '31', '33', '40', '42', '55', '62', '68', '73', '79', '90', '92', '116', '118', '124', '128', '136']",4,"['7', '64', '88', '131']",22,"['9', '11', '12', '17', '21', '30', '31', '33', '40', '42', '55', '62', '68', '73', '79', '90', '92', '116', '118', '124', '128', '136']"
19,60,"size == ""1""","isEmpty == ""False""","peek_obj_type == ""class java.lang.Byte""","calledMethod == ""push""","pushInput == ""class java.lang.Byte""","size_p == ""0""","isEmpty_p == ""True""","peek_obj_type_p == ""EmptyObject""","calledMethod_p == ""pop""","pushInput_p == ""none""",No,1597052895074:eeb21dfb-4f07-422a-a480-0ce8177b90c8,1597052895074:0a46aaf7-2c77-40cb-a16a-7bd6b91e146f,0,,2,"['74', '118']",0,
20,61,"size == ""2""","isEmpty == ""True""","peek_obj_type == ""class java.lang.String""","calledMethod == ""push""","pushInput == ""class java.lang.String""","size_p == ""1""","isEmpty_p == ""False""","peek_obj_type_p == ""class java.lang.Byte""","calledMethod_p == ""push""","pushInput_p == ""class java.lang.Byte""",Yes,1597052895074:eeb21dfb-4f07-422a-a480-0ce8177b90c8,1597052895074:0a46aaf7-2c77-40cb-a16a-7bd6b91e146f,22,"['9', '11', '12', '17', '21', '30', '31', '33', '40', '42', '55', '62', '68', '73', '79', '90', '92', '116', '118', '124', '128', '136']",4,"['7', '64', '88', '131']",22,"['9', '11', '12', '17', '21', '30', '31', '33', '40', '42', '55', '62', '68', '73', '79', '90', '92', '116', '118', '124', '128', '136']"
21,72,"size == ""3""","isEmpty == ""False""","peek_obj_type == ""class java.lang.Float""","calledMethod == ""push""","pushInput == ""class experiment.drivers.AlejaStackTestDriver""","size_p == ""2""","isEmpty_p == ""True""","peek_obj_type_p == ""class java.lang.String""","calledMethod_p == ""push""","pushInput_p == ""class java.lang.String""",Yes,1597052895074:df3d5053-bc67-47e3-8262-2b02fe32b327,1597052895074:f5b385fd-c5df-4aba-8463-9ba117b10261,8,"['2', '7', '14', '15', '41', '42', '88', '127']",2,"['116', '118']",8,"['2', '7', '14', '15', '41', '42', '88', '127']"
22,86,"size == ""1""","isEmpty == ""False""","peek_obj_type == ""class java.lang.String""","calledMethod == ""push""","pushInput == ""class java.lang.String""","size_p == ""0""","isEmpty_p == ""True""","peek_obj_type_p == ""EmptyObject""","calledMethod_p == ""pop""","pushInput_p == ""none""",No,1597052895074:df3d5053-bc67-47e3-8262-2b02fe32b327,1597052895074:544dbb9f-20c3-4f1c-b278-545a39bd20f8,0,,2,"['74', '118']",0,
23,87,"size == ""0""","isEmpty == ""True""","peek_obj_type == ""EmptyObject""","calledMethod == ""pop""","pushInput == ""none""","size_p == ""1""","isEmpty_p == ""False""","peek_obj_type_p == ""class java.lang.String""","calledMethod_p == ""push""","pushInput_p == ""class java.lang.String""",No,1597052895074:df3d5053-bc67-47e3-8262-2b02fe32b327,1597052895074:544dbb9f-20c3-4f1c-b278-545a39bd20f8,0,,96,"['1', '8', '9', '16', '17', '18', '19', '20', '21', '22', '23', '24', '25', '26', '27', '28', '29', '30', '32', '33', '37', '38', '44', '45', '46', '47', '48', '49', '50', '51', '52', '53', '54', '55', '56', '57', '58', '59', '60', '62', '65', '66', '67', '68', '71', '72', '73', '75', '76', '77', '78', '79', '85', '86', '87', '88', '89', '90', '91', '94', '95', '96', '99', '100', '101', '102', '103', '104', '105', '106', '107', '108', '109', '110', '111', '112', '113', '114', '115', '117', '120', '121', '122', '123', '124', '125', '126', '128', '129', '130', '131', '132', '133', '134', '135', '136']",0,
24,90,"size == ""0""","isEmpty == ""True""","peek_obj_type == ""EmptyObject""","calledMethod == ""clear""","pushInput == ""none""","size_p == ""1""","isEmpty_p == ""False""","peek_obj_type_p == ""class experiment.drivers.AlejaStackTestDriver""","calledMethod_p == ""push""","pushInput_p == ""class experiment.drivers.AlejaStackTestDriver""",No,1597052895074:df3d5053-bc67-47e3-8262-2b02fe32b327,1597052895074:544dbb9f-20c3-4f1c-b278-545a39bd20f8,0,,90,"['1', '8', '9', '16', '17', '18', '19', '20', '21', '25', '26', '27', '28', '29', '30', '32', '33', '37', '38', '44', '45', '46', '47', '48', '49', '50', '51', '52', '53', '54', '55', '56', '57', '58', '59', '60', '62', '63', '65', '66', '67', '68', '71', '72', '73', '75', '76', '77', '78', '79', '85', '86', '87', '88', '89', '90', '91', '99', '100', '101', '102', '103', '104', '105', '106', '107', '108', '109', '110', '111', '112', '113', '114', '115', '117', '120', '121', '122', '123', '124', '126', '128', '129', '130', '131', '132', '133', '134', '135', '136']",0,
25,123,"size == ""0""","isEmpty == ""True""","peek_obj_type == ""EmptyObject""","calledMethod == ""pop""","pushInput == ""none""","size_p == ""1""","isEmpty_p == ""False""","peek_obj_type_p == ""class java.lang.Long""","calledMethod_p == ""push""","pushInput_p == ""class java.lang.Long""",No,1597052895073:5539cd10-0c6a-4759-9483-14d20222f01b,1597052895073:712b46c0-a67f-4642-9bd8-aaf6a2bae946,0,,96,"['1', '8', '9', '16', '17', '18', '19', '20', '21', '22', '23', '24', '25', '26', '27', '28', '29', '30', '32', '33', '37', '38', '44', '45', '46', '47', '48', '49', '50', '51', '52', '53', '54', '55', '56', '57', '58', '59', '60', '62', '65', '66', '67', '68', '71', '72', '73', '75', '76', '77', '78', '79', '85', '86', '87', '88', '89', '90', '91', '94', '95', '96', '99', '100', '101', '102', '103', '104', '105', '106', '107', '108', '109', '110', '111', '112', '113', '114', '115', '117', '120', '121', '122', '123', '124', '125', '126', '128', '129', '130', '131', '132', '133', '134', '135', '136']",0,
26,127,"size == ""3""","isEmpty == ""False""","peek_obj_type == ""class java.lang.Float""","calledMethod == ""push""","pushInput == ""class java.lang.Double""","size_p == ""2""","isEmpty_p == ""True""","peek_obj_type_p == ""class java.lang.String""","calledMethod_p == ""push""","pushInput_p == ""class java.lang.String""",Yes,1597052895073:5539cd10-0c6a-4759-9483-14d20222f01b,1597052895073:6a722675-16a5-4d6f-9d1c-69cda22b5730,8,"['2', '7', '14', '15', '41', '42', '88', '127']",2,"['116', '118']",8,"['2', '7', '14', '15', '41', '42', '88', '127']"
27,128,"size == ""4""","isEmpty == ""False""","peek_obj_type == ""class java.lang.Double""","calledMethod == ""push""","pushInput == ""class experiment.drivers.AlejaStackTestDriver""","size_p == ""3""","isEmpty_p == ""False""","peek_obj_type_p == ""class java.lang.Float""","calledMethod_p == ""push""","pushInput_p == ""class java.lang.Double""",Yes,1597052895073:5539cd10-0c6a-4759-9483-14d20222f01b,1597052895073:6a722675-16a5-4d6f-9d1c-69cda22b5730,0,,10,"['7', '40', '41', '42', '88', '92', '93', '116', '118', '127']",0,
28,147,"size == ""3""","isEmpty == ""False""","peek_obj_type == ""class java.lang.Short""","calledMethod == ""push""","pushInput == ""class java.lang.Float""","size_p == ""2""","isEmpty_p == ""True""","peek_obj_type_p == ""class java.lang.String""","calledMethod_p == ""push""","pushInput_p == ""class java.lang.String""",Yes,1597052895073:4064ff05-b3b6-4a45-b61e-dcfd73e8dc3e,1597052895073:b68c92d2-5100-406c-b1a6-6e2bfb95a380,8,"['2', '7', '14', '15', '41', '42', '88', '127']",2,"['116', '118']",8,"['2', '7', '14', '15', '41', '42', '88', '127']"
29,213,"size == ""0""","isEmpty == ""True""","peek_obj_type == ""EmptyObject""","calledMethod == ""pop""","pushInput == ""none""","size_p == ""1""","isEmpty_p == ""False""","peek_obj_type_p == ""class java.lang.Class""","calledMethod_p == ""push""","pushInput_p == ""class java.lang.Class""",No,1597052895071:e4da4d99-79fc-4d81-a6bb-a8003cad67ae,1597052895071:e027af92-3027-4394-8ed4-8f64cdec4430,0,,96,"['1', '8', '9', '16', '17', '18', '19', '20', '21', '22', '23', '24', '25', '26', '27', '28', '29', '30', '32', '33', '37', '38', '44', '45', '46', '47', '48', '49', '50', '51', '52', '53', '54', '55', '56', '57', '58', '59', '60', '62', '65', '66', '67', '68', '71', '72', '73', '75', '76', '77', '78', '79', '85', '86', '87', '88', '89', '90', '91', '94', '95', '96', '99', '100', '101', '102', '103', '104', '105', '106', '107', '108', '109', '110', '111', '112', '113', '114', '115', '117', '120', '121', '122', '123', '124', '125', '126', '128', '129', '130', '131', '132', '133', '134', '135', '136']",0,
30,217,"size == ""0""","isEmpty == ""True""","peek_obj_type == ""EmptyObject""","calledMethod == ""clear""","pushInput == ""none""","size_p == ""2""","isEmpty_p == ""True""","peek_obj_type_p == ""class java.lang.String""","calledMethod_p == ""push""","pushInput_p == ""class java.lang.String""",No,1597052895071:e4da4d99-79fc-4d81-a6bb-a8003cad67ae,1597052895071:e027af92-3027-4394-8ed4-8f64cdec4430,4,"['14', '15', '88', '103']",43,"['16', '17', '25', '26', '27', '28', '29', '30', '37', '38', '44', '45', '46', '47', '48', '62', '75', '76', '77', '78', '79', '91', '109', '110', '111', '112', '113', '114', '117', '120', '121', '122', '123', '124', '126', '128', '129', '130', '132', '133', '134', '135', '136']",4,"['14', '15', '88', '103']"
31,222,"size == ""0""","isEmpty == ""True""","peek_obj_type == ""EmptyObject""","calledMethod == ""clear""","pushInput == ""none""","size_p == ""1""","isEmpty_p == ""False""","peek_obj_type_p == ""class java.lang.Byte""","calledMethod_p == ""push""","pushInput_p == ""class java.lang.Byte""",No,1597052895071:e4da4d99-79fc-4d81-a6bb-a8003cad67ae,1597052895071:87d4c2fa-df0c-437b-a09e-8e69b9d56511,0,,89,"['1', '8', '9', '16', '17', '18', '19', '20', '21', '25', '26', '27', '28', '29', '30', '32', '33', '37', '38', '44', '45', '46', '47', '48', '49', '50', '51', '52', '53', '54', '55', '56', '57', '58', '59', '60', '62', '65', '66', '67', '68', '71', '72', '73', '75', '76', '77', '78', '79', '85', '86', '87', '88', '89', '90', '91', '99', '100', '101', '102', '103', '104', '105', '106', '107', '108', '109', '110', '111', '112', '113', '114', '115', '117', '120', '121', '122', '123', '124', '126', '128', '129', '130', '131', '132', '133', '134', '135', '136']",0,
32,286,"size == ""1""","isEmpty == ""False""","peek_obj_type == ""class experiment.drivers.AlejaStackTestDriver""","calledMethod == ""push""","pushInput == ""class experiment.drivers.AlejaStackTestDriver""","size_p == ""0""","isEmpty_p == ""True""","peek_obj_type_p == ""EmptyObject""","calledMethod_p == ""pop""","pushInput_p == ""none""",No,1597052895069:879d4fb0-ae03-4683-b2eb-fa385d981f0e,1597052895070:eafe6740-88d7-4214-8ecf-47bbaf5f2382,0,,3,"['0', '74', '118']",0,
33,313,"size == ""0""","isEmpty == ""True""","peek_obj_type == ""EmptyObject""","calledMethod == ""pop""","pushInput == ""none""","size_p == ""1""","isEmpty_p == ""False""","peek_obj_type_p == ""class experiment.drivers.AlejaStackTestDriver""","calledMethod_p == ""push""","pushInput_p == ""class experiment.drivers.AlejaStackTestDriver""",No,1597052895069:879d4fb0-ae03-4683-b2eb-fa385d981f0e,1597052895070:83c22ab2-ccfa-4bcf-a882-a1794d947665,0,,97,"['1', '8', '9', '16', '17', '18', '19', '20', '21', '22', '23', '24', '25', '26', '27', '28', '29', '30', '32', '33', '37', '38', '44', '45', '46', '47', '48', '49', '50', '51', '52', '53', '54', '55', '56', '57', '58', '59', '60', '62', '63', '65', '66', '67', '68', '71', '72', '73', '75', '76', '77', '78', '79', '85', '86', '87', '88', '89', '90', '91', '94', '95', '96', '99', '100', '101', '102', '103', '104', '105', '106', '107', '108', '109', '110', '111', '112', '113', '114', '115', '117', '120', '121', '122', '123', '124', '125', '126', '128', '129', '130', '131', '132', '133', '134', '135', '136']",0,
34,361,"size == ""1""","isEmpty == ""False""","peek_obj_type == ""class experiment.drivers.AlejaStackTestDriver""","calledMethod == ""push""","pushInput == ""class experiment.drivers.AlejaStackTestDriver""",x,x,x,x,x,No,1597052895068:fe9f39ca-4a3b-4de9-b04e-792788658c03,1597052895068:9d5b5e82-e407-430d-903b-41116333e706,0,,2,"['0', '118']",0,
35,367,"size == ""3""","isEmpty == ""False""","peek_obj_type == ""class java.lang.Double""","calledMethod == ""push""","pushInput == ""class java.lang.Boolean""","size_p == ""2""","isEmpty_p == ""True""","peek_obj_type_p == ""class java.lang.String""","calledMethod_p == ""push""","pushInput_p == ""class java.lang.String""",Yes,1597052895068:fe9f39ca-4a3b-4de9-b04e-792788658c03,1597052895068:54ae39e8-55f3-418b-b435-e10db6574229,8,"['2', '7', '14', '15', '41', '42', '88', '127']",2,"['116', '118']",8,"['2', '7', '14', '15', '41', '42', '88', '127']"
36,368,"size == ""4""","isEmpty == ""False""","peek_obj_type == ""class java.lang.Boolean""","calledMethod == ""push""","pushInput == ""class experiment.drivers.AlejaStackTestDriver""","size_p == ""3""","isEmpty_p == ""False""","peek_obj_type_p == ""class java.lang.Double""","calledMethod_p == ""push""","pushInput_p == ""class java.lang.Boolean""",Yes,1597052895068:fe9f39ca-4a3b-4de9-b04e-792788658c03,1597052895068:54ae39e8-55f3-418b-b435-e10db6574229,0,,10,"['7', '40', '41', '42', '88', '92', '93', '116', '118', '127']",0,
37,375,"size == ""3""","isEmpty == ""False""","peek_obj_type == ""class java.lang.Boolean""","calledMethod == ""push""","pushInput == ""class java.lang.Long""","size_p == ""2""","isEmpty_p == ""True""","peek_obj_type_p == ""class java.lang.String""","calledMethod_p == ""push""","pushInput_p == ""class java.lang.String""",Yes,1597052895068:fe9f39ca-4a3b-4de9-b04e-792788658c03,1597052895068:1dea7dc9-35b7-40bc-9f8b-555b708942ac,8,"['2', '7', '14', '15', '41', '42', '88', '127']",2,"['116', '118']",8,"['2', '7', '14', '15', '41', '42', '88', '127']"
38,376,"size == ""2""","isEmpty == ""True""","peek_obj_type == ""class java.lang.String""","calledMethod == ""pop""","pushInput == ""none""","size_p == ""3""","isEmpty_p == ""False""","peek_obj_type_p == ""class java.lang.Boolean""","calledMethod_p == ""push""","pushInput_p == ""class java.lang.Long""",Yes,1597052895068:fe9f39ca-4a3b-4de9-b04e-792788658c03,1597052895068:1dea7dc9-35b7-40bc-9f8b-555b708942ac,21,"['9', '11', '12', '17', '21', '30', '31', '33', '53', '55', '73', '77', '79', '86', '90', '108', '121', '124', '128', '132', '136']",13,"['22', '23', '24', '62', '64', '68', '88', '93', '94', '95', '96', '103', '125']",21,"['9', '11', '12', '17', '21', '30', '31', '33', '53', '55', '73', '77', '79', '86', '90', '108', '121', '124', '128', '132', '136']"
39,377,"size == ""0""","isEmpty == ""True""","peek_obj_type == ""EmptyObject""","calledMethod == ""clear""","pushInput == ""none""","size_p == ""2""","isEmpty_p == ""True""","peek_obj_type_p == ""class java.lang.String""","calledMethod_p == ""pop""","pushInput_p == ""none""",No,1597052895068:fe9f39ca-4a3b-4de9-b04e-792788658c03,1597052895068:1dea7dc9-35b7-40bc-9f8b-555b708942ac,1,['14'],44,"['16', '17', '25', '26', '27', '28', '29', '30', '37', '38', '44', '45', '46', '47', '48', '62', '74', '75', '76', '77', '78', '79', '91', '109', '110', '111', '112', '113', '114', '117', '120', '121', '122', '123', '124', '126', '128', '129', '130', '132', '133', '134', '135', '136']",1,['14']
40,403,"size == ""2""","isEmpty == ""True""","peek_obj_type == ""class java.lang.String""","calledMethod == ""push""","pushInput == ""class java.lang.String""","size_p == ""1""","isEmpty_p == ""False""","peek_obj_type_p == ""class java.lang.String""","calledMethod_p == ""push""","pushInput_p == ""class java.lang.String""",Yes,1597052895068:d16288a6-e232-4fdb-b87c-0c9227ad82fa,1597052895069:b9ade8a0-863b-4df2-b59b-ae7757fe3947,22,"['9', '11', '12', '17', '21', '30', '31', '33', '40', '42', '55', '62', '68', '73', '79', '90', '92', '116', '118', '124', '128', '136']",4,"['7', '64', '88', '131']",22,"['9', '11', '12', '17', '21', '30', '31', '33', '40', '42', '55', '62', '68', '73', '79', '90', '92', '116', '118', '124', '128', '136']"
41,417,"size == ""3""","isEmpty == ""False""","peek_obj_type == ""class java.lang.Float""","calledMethod == ""push""","pushInput == ""class java.lang.Class""","size_p == ""2""","isEmpty_p == ""True""","peek_obj_type_p == ""class java.lang.String""","calledMethod_p == ""push""","pushInput_p == ""class java.lang.String""",Yes,1597052895068:d16288a6-e232-4fdb-b87c-0c9227ad82fa,1597052895069:36c2a726-7a36-42b5-9887-7bd1c70bc4fa,8,"['2', '7', '14', '15', '41', '42', '88', '127']",2,"['116', '118']",8,"['2', '7', '14', '15', '41', '42', '88', '127']"
42,421,"size == ""3""","isEmpty == ""False""","peek_obj_type == ""class experiment.drivers.AlejaStackTestDriver""","calledMethod == ""push""","pushInput == ""class java.lang.Byte""","size_p == ""2""","isEmpty_p == ""True""","peek_obj_type_p == ""class java.lang.String""","calledMethod_p == ""push""","pushInput_p == ""class java.lang.String""",Yes,1597052895068:d16288a6-e232-4fdb-b87c-0c9227ad82fa,1597052895068:ed7d59fd-8e53-49a4-a662-4c5b7615540d,8,"['2', '7', '14', '15', '41', '42', '88', '127']",3,"['0', '116', '118']",8,"['2', '7', '14', '15', '41', '42', '88', '127']"
43,422,"size == ""4""","isEmpty == ""False""","peek_obj_type == ""class java.lang.Byte""","calledMethod == ""push""","pushInput == ""class java.lang.Class""","size_p == ""3""","isEmpty_p == ""False""","peek_obj_type_p == ""class experiment.drivers.AlejaStackTestDriver""","calledMethod_p == ""push""","pushInput_p == ""class java.lang.Byte""",Yes,1597052895068:d16288a6-e232-4fdb-b87c-0c9227ad82fa,1597052895068:ed7d59fd-8e53-49a4-a662-4c5b7615540d,0,,11,"['7', '40', '41', '42', '63', '88', '92', '93', '116', '118', '127']",0,
44,423,"size == ""3""","isEmpty == ""False""","peek_obj_type == ""class experiment.drivers.AlejaStackTestDriver""","calledMethod == ""pop""","pushInput == ""none""","size_p == ""4""","isEmpty_p == ""False""","peek_obj_type_p == ""class java.lang.Byte""","calledMethod_p == ""push""","pushInput_p == ""class java.lang.Class""",Yes,1597052895068:d16288a6-e232-4fdb-b87c-0c9227ad82fa,1597052895068:ed7d59fd-8e53-49a4-a662-4c5b7615540d,0,,30,"['0', '3', '4', '5', '6', '10', '22', '23', '24', '34', '35', '36', '39', '43', '61', '69', '70', '80', '81', '82', '83', '84', '88', '94', '95', '96', '103', '119', '125', '127']",0,
45,424,"size == ""2""","isEmpty == ""True""","peek_obj_type == ""class java.lang.String""","calledMethod == ""pop""","pushInput == ""none""","size_p == ""3""","isEmpty_p == ""False""","peek_obj_type_p == ""class experiment.drivers.AlejaStackTestDriver""","calledMethod_p == ""pop""","pushInput_p == ""none""",Yes,1597052895068:d16288a6-e232-4fdb-b87c-0c9227ad82fa,1597052895068:ed7d59fd-8e53-49a4-a662-4c5b7615540d,21,"['9', '11', '12', '17', '21', '30', '31', '33', '53', '55', '73', '77', '79', '86', '90', '108', '121', '124', '128', '132', '136']",10,"['62', '63', '64', '68', '74', '93', '94', '97', '98', '125']",21,"['9', '11', '12', '17', '21', '30', '31', '33', '53', '55', '73', '77', '79', '86', '90', '108', '121', '124', '128', '132', '136']"
46,468,"size == ""0""","isEmpty == ""True""","peek_obj_type == ""EmptyObject""","calledMethod == ""pop""","pushInput == ""none""","size_p == ""0""","isEmpty_p == ""True""","peek_obj_type_p == ""EmptyObject""","calledMethod_p == ""clear""","pushInput_p == ""none""",No,1597052895067:4d59da2b-500b-409b-949b-3ab2abe14712,1597052895067:a43b9ff4-d96a-48e3-b01e-d69730a7c2df,0,,44,"['16', '17', '25', '26', '27', '28', '29', '30', '37', '38', '44', '45', '46', '47', '48', '62', '75', '76', '77', '78', '79', '91', '94', '109', '110', '111', '112', '113', '114', '117', '120', '121', '122', '123', '124', '126', '128', '129', '130', '132', '133', '134', '135', '136']",0,
47,524,"size == ""1""","isEmpty == ""False""","peek_obj_type == ""class java.lang.String""","calledMethod == ""push""","pushInput == ""class java.lang.String""","size_p == ""0""","isEmpty_p == ""True""","peek_obj_type_p == ""EmptyObject""","calledMethod_p == ""clear""","pushInput_p == ""none""",No,1597052895065:8bf62e89-7f40-43d4-9475-664ceb258680,1597052895065:469f524c-044e-4b92-a35c-a950fd02acd4,0,,1,['118'],0,
48,582,"size == ""0""","isEmpty == ""True""","peek_obj_type == ""EmptyObject""","calledMethod == ""clear""","pushInput == ""none""","size_p == ""4""","isEmpty_p == ""False""","peek_obj_type_p == ""class java.lang.Double""","calledMethod_p == ""push""","pushInput_p == ""class experiment.drivers.AlejaStackTestDriver""",No,1597052895064:59214b38-a239-4d6d-aa2e-d9b452902797,1597052895064:c2f52e30-6599-4ca6-aee2-7d982c99de93,0,,88,"['1', '8', '9', '16', '17', '18', '19', '20', '21', '25', '26', '27', '28', '29', '30', '32', '33', '37', '38', '44', '45', '46', '47', '48', '49', '50', '51', '52', '53', '54', '55', '56', '57', '58', '59', '60', '62', '65', '66', '67', '68', '71', '72', '73', '75', '76', '77', '78', '79', '85', '86', '87', '88', '89', '90', '91', '99', '100', '101', '102', '103', '104', '105', '106', '107', '108', '109', '110', '111', '112', '113', '114', '115', '117', '120', '121', '122', '123', '124', '126', '128', '129', '130', '132', '133', '134', '135', '136']",0,
49,669,"size == ""3""","isEmpty == ""False""","peek_obj_type == ""class java.lang.Long""","calledMethod == ""push""","pushInput == ""class java.lang.Integer""","size_p == ""2""","isEmpty_p == ""True""","peek_obj_type_p == ""class java.lang.String""","calledMethod_p == ""push""","pushInput_p == ""class java.lang.String""",Yes,1597052895063:058ce25a-1c29-4561-ad00-afc5d8db8525,1597052895063:9afac87c-f2e6-4128-a90f-48375117b26d,8,"['2', '7', '14', '15', '41', '42', '88', '127']",2,"['116', '118']",8,"['2', '7', '14', '15', '41', '42', '88', '127']"
50,888,"size == ""2""","isEmpty == ""True""","peek_obj_type == ""class java.lang.String""","calledMethod == ""pop""","pushInput == ""none""","size_p == ""3""","isEmpty_p == ""False""","peek_obj_type_p == ""class java.lang.Float""","calledMethod_p == ""push""","pushInput_p == ""class experiment.drivers.AlejaStackTestDriver""",Yes,1597052895058:acf33ef0-4261-4433-87b2-f0af0d95092b,1597052895059:0e9b96a2-4bb3-42bb-8187-cf3fda78ef4e,21,"['9', '11', '12', '17', '21', '30', '31', '33', '53', '55', '73', '77', '79', '86', '90', '108', '121', '124', '128', '132', '136']",13,"['22', '23', '24', '62', '64', '68', '88', '93', '94', '95', '96', '103', '125']",21,"['9', '11', '12', '17', '21', '30', '31', '33', '53', '55', '73', '77', '79', '86', '90', '108', '121', '124', '128', '132', '136']"
51,907,"size == ""2""","isEmpty == ""True""","peek_obj_type == ""class java.lang.String""","calledMethod == ""push""","pushInput == ""class java.lang.String""","size_p == ""1""","isEmpty_p == ""False""","peek_obj_type_p == ""class java.lang.Class""","calledMethod_p == ""push""","pushInput_p == ""class java.lang.Class""",Yes,1597052895058:acf33ef0-4261-4433-87b2-f0af0d95092b,1597052895058:bc642503-6877-4ea0-94ba-b245fbf021fc,22,"['9', '11', '12', '17', '21', '30', '31', '33', '40', '42', '55', '62', '68', '73', '79', '90', '92', '116', '118', '124', '128', '136']",4,"['7', '64', '88', '131']",22,"['9', '11', '12', '17', '21', '30', '31', '33', '40', '42', '55', '62', '68', '73', '79', '90', '92', '116', '118', '124', '128', '136']"
52,935,"size == ""0""","isEmpty == ""True""","peek_obj_type == ""EmptyObject""","calledMethod == ""pop""","pushInput == ""none""","size_p == ""1""","isEmpty_p == ""False""","peek_obj_type_p == ""class java.lang.Short""","calledMethod_p == ""push""","pushInput_p == ""class java.lang.Short""",No,1597052895057:e4ea8051-02ff-4d1d-bec2-1d9c7e4cf145,1597052895057:4779febc-793b-49f9-b518-6d01a744c26c,0,,96,"['1', '8', '9', '16', '17', '18', '19', '20', '21', '22', '23', '24', '25', '26', '27', '28', '29', '30', '32', '33', '37', '38', '44', '45', '46', '47', '48', '49', '50', '51', '52', '53', '54', '55', '56', '57', '58', '59', '60', '62', '65', '66', '67', '68', '71', '72', '73', '75', '76', '77', '78', '79', '85', '86', '87', '88', '89', '90', '91', '94', '95', '96', '99', '100', '101', '102', '103', '104', '105', '106', '107', '108', '109', '110', '111', '112', '113', '114', '115', '117', '120', '121', '122', '123', '124', '125', '126', '128', '129', '130', '131', '132', '133', '134', '135', '136']",0,
53,983,"size == ""0""","isEmpty == ""True""","peek_obj_type == ""EmptyObject""","calledMethod == ""clear""","pushInput == ""none""","size_p == ""3""","isEmpty_p == ""False""","peek_obj_type_p == ""class java.lang.Float""","calledMethod_p == ""push""","pushInput_p == ""class java.lang.Class""",No,1597052895057:39fa668a-eb11-4ea7-abae-0039259f043b,1597052895058:2bd91fb0-673d-4535-8211-de2cb18bb8a1,0,,89,"['1', '8', '9', '16', '17', '18', '19', '20', '21', '25', '26', '27', '28', '29', '30', '32', '33', '37', '38', '44', '45', '46', '47', '48', '49', '50', '51', '52', '53', '54', '55', '56', '57', '58', '59', '60', '62', '65', '66', '67', '68', '71', '72', '73', '75', '76', '77', '78', '79', '85', '86', '87', '88', '89', '90', '91', '93', '99', '100', '101', '102', '103', '104', '105', '106', '107', '108', '109', '110', '111', '112', '113', '114', '115', '117', '120', '121', '122', '123', '124', '126', '128', '129', '130', '132', '133', '134', '135', '136']",0,
54,1025,"size == ""3""","isEmpty == ""False""","peek_obj_type == ""class java.lang.Boolean""","calledMethod == ""push""","pushInput == ""class experiment.drivers.AlejaStackTestDriver""","size_p == ""2""","isEmpty_p == ""True""","peek_obj_type_p == ""class java.lang.String""","calledMethod_p == ""pop""","pushInput_p == ""none""",Yes,1597052895056:2f1a6328-ca77-4c94-b52b-5787e77901ad,1597052895056:5c52fe31-f694-440e-9655-81b30f6daaeb,2,"['2', '14']",2,"['74', '118']",2,"['2', '14']"
55,1031,"size == ""3""","isEmpty == ""False""","peek_obj_type == ""class java.lang.Double""","calledMethod == ""push""","pushInput == ""class java.lang.Class""","size_p == ""2""","isEmpty_p == ""True""","peek_obj_type_p == ""class java.lang.String""","calledMethod_p == ""push""","pushInput_p == ""class java.lang.String""",Yes,1597052895056:2f1a6328-ca77-4c94-b52b-5787e77901ad,1597052895056:0529d2dd-9b4f-4683-9a99-a3ba05911305,8,"['2', '7', '14', '15', '41', '42', '88', '127']",2,"['116', '118']",8,"['2', '7', '14', '15', '41', '42', '88', '127']"
56,1032,"size == ""2""","isEmpty == ""True""","peek_obj_type == ""class java.lang.String""","calledMethod == ""pop""","pushInput == ""none""","size_p == ""3""","isEmpty_p == ""False""","peek_obj_type_p == ""class java.lang.Double""","calledMethod_p == ""push""","pushInput_p == ""class java.lang.Class""",Yes,1597052895056:2f1a6328-ca77-4c94-b52b-5787e77901ad,1597052895056:0529d2dd-9b4f-4683-9a99-a3ba05911305,21,"['9', '11', '12', '17', '21', '30', '31', '33', '53', '55', '73', '77', '79', '86', '90', '108', '121', '124', '128', '132', '136']",13,"['22', '23', '24', '62', '64', '68', '88', '93', '94', '95', '96', '103', '125']",21,"['9', '11', '12', '17', '21', '30', '31', '33', '53', '55', '73', '77', '79', '86', '90', '108', '121', '124', '128', '132', '136']"
57,1050,"size == ""2""","isEmpty == ""True""","peek_obj_type == ""class java.lang.String""","calledMethod == ""pop""","pushInput == ""none""","size_p == ""3""","isEmpty_p == ""False""","peek_obj_type_p == ""class java.lang.Float""","calledMethod_p == ""push""","pushInput_p == ""class java.lang.Double""",Yes,1597052895056:23b9bd4c-bd86-4535-a4b2-778fabc9659a,1597052895056:34862456-5809-4026-b6b9-d0ed64120cf0,21,"['9', '11', '12', '17', '21', '30', '31', '33', '53', '55', '73', '77', '79', '86', '90', '108', '121', '124', '128', '132', '136']",13,"['22', '23', '24', '62', '64', '68', '88', '93', '94', '95', '96', '103', '125']",21,"['9', '11', '12', '17', '21', '30', '31', '33', '53', '55', '73', '77', '79', '86', '90', '108', '121', '124', '128', '132', '136']"
58,1163,"size == ""1""","isEmpty == ""False""","peek_obj_type == ""class java.lang.Class""","calledMethod == ""push""","pushInput == ""class java.lang.Class""","size_p == ""0""","isEmpty_p == ""True""","peek_obj_type_p == ""EmptyObject""","calledMethod_p == ""pop""","pushInput_p == ""none""",No,1597052895054:54b036bf-aefa-4d09-90ad-b5ac94a0bd00,1597052895054:0cbba7db-4f21-4fa8-b7fe-ce492e18516d,0,,2,"['74', '118']",0,
59,1208,"size == ""3""","isEmpty == ""False""","peek_obj_type == ""class java.lang.Boolean""","calledMethod == ""pop""","pushInput == ""none""","size_p == ""4""","isEmpty_p == ""False""","peek_obj_type_p == ""class experiment.drivers.AlejaStackTestDriver""","calledMethod_p == ""push""","pushInput_p == ""class java.lang.Float""",Yes,1597052895053:2db22383-9145-472b-92b3-986912b019ab,1597052895053:17a1ca41-6a85-461a-9213-07c0064add60,0,,29,"['3', '4', '5', '6', '22', '23', '24', '34', '35', '36', '39', '43', '61', '63', '69', '70', '80', '81', '82', '83', '84', '88', '94', '95', '96', '103', '119', '125', '127']",0,
60,1324,"size == ""2""","isEmpty == ""True""","peek_obj_type == ""class java.lang.String""","calledMethod == ""pop""","pushInput == ""none""","size_p == ""3""","isEmpty_p == ""False""","peek_obj_type_p == ""class java.lang.Short""","calledMethod_p == ""push""","pushInput_p == ""class java.lang.Float""",Yes,1597052895050:08c2be4a-fae4-49fb-81c1-29c80368d934,1597052895051:c70f4684-d90b-44d3-9ea9-aaf4307e8954,21,"['9', '11', '12', '17', '21', '30', '31', '33', '53', '55', '73', '77', '79', '86', '90', '108', '121', '124', '128', '132', '136']",13,"['22', '23', '24', '62', '64', '68', '88', '93', '94', '95', '96', '103', '125']",21,"['9', '11', '12', '17', '21', '30', '31', '33', '53', '55', '73', '77', '79', '86', '90', '108', '121', '124', '128', '132', '136']"
61,1325,"size == ""3""","isEmpty == ""False""","peek_obj_type == ""class java.lang.Short""","calledMethod == ""push""","pushInput == ""class java.lang.Class""","size_p == ""2""","isEmpty_p == ""True""","peek_obj_type_p == ""class java.lang.String""","calledMethod_p == ""pop""","pushInput_p == ""none""",Yes,1597052895050:08c2be4a-fae4-49fb-81c1-29c80368d934,1597052895051:c70f4684-d90b-44d3-9ea9-aaf4307e8954,2,"['2', '14']",2,"['74', '118']",2,"['2', '14']"
62,1349,"size == ""0""","isEmpty == ""True""","peek_obj_type == ""EmptyObject""","calledMethod == ""pop""","pushInput == ""none""","size_p == ""0""","isEmpty_p == ""True""","peek_obj_type_p == ""EmptyObject""","calledMethod_p == ""pop""","pushInput_p == ""none""",No,1597052895050:08c2be4a-fae4-49fb-81c1-29c80368d934,1597052895051:332657f7-a7c2-4af1-a45c-ceadeb3a9c22,0,,45,"['16', '17', '25', '26', '27', '28', '29', '30', '37', '38', '44', '45', '46', '47', '48', '62', '74', '75', '76', '77', '78', '79', '91', '94', '109', '110', '111', '112', '113', '114', '117', '120', '121', '122', '123', '124', '126', '128', '129', '130', '132', '133', '134', '135', '136']",0,
63,1503,"size == ""0""","isEmpty == ""True""","peek_obj_type == ""EmptyObject""","calledMethod == ""clear""","pushInput == ""none""","size_p == ""1""","isEmpty_p == ""False""","peek_obj_type_p == ""class java.lang.String""","calledMethod_p == ""push""","pushInput_p == ""class java.lang.String""",No,1597052895048:10e937c7-416c-4ca6-be95-2b29271784d9,1597052895048:415aaf91-f2ba-4c19-91cb-9f73728266d2,0,,89,"['1', '8', '9', '16', '17', '18', '19', '20', '21', '25', '26', '27', '28', '29', '30', '32', '33', '37', '38', '44', '45', '46', '47', '48', '49', '50', '51', '52', '53', '54', '55', '56', '57', '58', '59', '60', '62', '65', '66', '67', '68', '71', '72', '73', '75', '76', '77', '78', '79', '85', '86', '87', '88', '89', '90', '91', '99', '100', '101', '102', '103', '104', '105', '106', '107', '108', '109', '110', '111', '112', '113', '114', '115', '117', '120', '121', '122', '123', '124', '126', '128', '129', '130', '131', '132', '133', '134', '135', '136']",0,
64,2136,"size == ""3""","isEmpty == ""False""","peek_obj_type == ""class java.lang.Double""","calledMethod == ""push""","pushInput == ""class experiment.drivers.AlejaStackTestDriver""","size_p == ""2""","isEmpty_p == ""True""","peek_obj_type_p == ""class java.lang.String""","calledMethod_p == ""push""","pushInput_p == ""class java.lang.String""",Yes,1597052895036:1c069ed6-da10-4f15-bed3-1e1f9b2abb2d,1597052895036:23fc66d5-7c32-48b9-988e-a1d64b529f17,8,"['2', '7', '14', '15', '41', '42', '88', '127']",2,"['116', '118']",8,"['2', '7', '14', '15', '41', '42', '88', '127']"
65,2196,"size == ""0""","isEmpty == ""True""","peek_obj_type == ""EmptyObject""","calledMethod == ""clear""","pushInput == ""none""","size_p == ""3""","isEmpty_p == ""False""","peek_obj_type_p == ""class java.lang.Short""","calledMethod_p == ""push""","pushInput_p == ""class java.lang.Float""",No,1597052895035:687e3a89-e278-4cd2-bc92-684d093c6f45,1597052895035:8f221ad2-cd47-4a5c-909d-c5781268b49e,0,,89,"['1', '8', '9', '16', '17', '18', '19', '20', '21', '25', '26', '27', '28', '29', '30', '32', '33', '37', '38', '44', '45', '46', '47', '48', '49', '50', '51', '52', '53', '54', '55', '56', '57', '58', '59', '60', '62', '65', '66', '67', '68', '71', '72', '73', '75', '76', '77', '78', '79', '85', '86', '87', '88', '89', '90', '91', '93', '99', '100', '101', '102', '103', '104', '105', '106', '107', '108', '109', '110', '111', '112', '113', '114', '115', '117', '120', '121', '122', '123', '124', '126', '128', '129', '130', '132', '133', '134', '135', '136']",0,
66,2243,"size == ""0""","isEmpty == ""True""","peek_obj_type == ""EmptyObject""","calledMethod == ""clear""","pushInput == ""none""","size_p == ""3""","isEmpty_p == ""False""","peek_obj_type_p == ""class java.lang.Short""","calledMethod_p == ""push""","pushInput_p == ""class java.lang.Class""",No,1597052895034:31310071-2675-4b50-a203-b415a3b6633b,1597052895034:4432c818-c253-4c69-be6f-c8e9dc4cf25f,0,,89,"['1', '8', '9', '16', '17', '18', '19', '20', '21', '25', '26', '27', '28', '29', '30', '32', '33', '37', '38', '44', '45', '46', '47', '48', '49', '50', '51', '52', '53', '54', '55', '56', '57', '58', '59', '60', '62', '65', '66', '67', '68', '71', '72', '73', '75', '76', '77', '78', '79', '85', '86', '87', '88', '89', '90', '91', '93', '99', '100', '101', '102', '103', '104', '105', '106', '107', '108', '109', '110', '111', '112', '113', '114', '115', '117', '120', '121', '122', '123', '124', '126', '128', '129', '130', '132', '133', '134', '135', '136']",0,
67,2820,"size == ""0""","isEmpty == ""True""","peek_obj_type == ""EmptyObject""","calledMethod == ""clear""","pushInput == ""none""","size_p == ""3""","isEmpty_p == ""False""","peek_obj_type_p == ""class java.lang.Float""","calledMethod_p == ""push""","pushInput_p == ""class java.lang.Double""",No,1597052895023:e413509c-e727-43ab-aef0-84bc68a9dbe5,1597052895023:7b275ba6-99d8-4f80-89ea-940ea504be4b,0,,89,"['1', '8', '9', '16', '17', '18', '19', '20', '21', '25', '26', '27', '28', '29', '30', '32', '33', '37', '38', '44', '45', '46', '47', '48', '49', '50', '51', '52', '53', '54', '55', '56', '57', '58', '59', '60', '62', '65', '66', '67', '68', '71', '72', '73', '75', '76', '77', '78', '79', '85', '86', '87', '88', '89', '90', '91', '93', '99', '100', '101', '102', '103', '104', '105', '106', '107', '108', '109', '110', '111', '112', '113', '114', '115', '117', '120', '121', '122', '123', '124', '126', '128', '129', '130', '132', '133', '134', '135', '136']",0,
68,2845,"size == ""1""","isEmpty == ""False""","peek_obj_type == ""class java.lang.Double""","calledMethod == ""push""","pushInput == ""class java.lang.Double""","size_p == ""0""","isEmpty_p == ""True""","peek_obj_type_p == ""EmptyObject""","calledMethod_p == ""clear""","pushInput_p == ""none""",No,1597052895023:a76114e6-993d-46cb-8a7f-7678d7d86f46,1597052895023:4fb7d993-1939-44c5-9daf-c3482ad9dfca,0,,1,['118'],0,
69,2846,"size == ""0""","isEmpty == ""True""","peek_obj_type == ""EmptyObject""","calledMethod == ""pop""","pushInput == ""none""","size_p == ""1""","isEmpty_p == ""False""","peek_obj_type_p == ""class java.lang.Double""","calledMethod_p == ""push""","pushInput_p == ""class java.lang.Double""",No,1597052895023:a76114e6-993d-46cb-8a7f-7678d7d86f46,1597052895023:4fb7d993-1939-44c5-9daf-c3482ad9dfca,0,,96,"['1', '8', '9', '16', '17', '18', '19', '20', '21', '22', '23', '24', '25', '26', '27', '28', '29', '30', '32', '33', '37', '38', '44', '45', '46', '47', '48', '49', '50', '51', '52', '53', '54', '55', '56', '57', '58', '59', '60', '62', '65', '66', '67', '68', '71', '72', '73', '75', '76', '77', '78', '79', '85', '86', '87', '88', '89', '90', '91', '94', '95', '96', '99', '100', '101', '102', '103', '104', '105', '106', '107', '108', '109', '110', '111', '112', '113', '114', '115', '117', '120', '121', '122', '123', '124', '125', '126', '128', '129', '130', '131', '132', '133', '134', '135', '136']",0,
70,3032,"size == ""2""","isEmpty == ""True""","peek_obj_type == ""class java.lang.String""","calledMethod == ""pop""","pushInput == ""none""","size_p == ""3""","isEmpty_p == ""False""","peek_obj_type_p == ""class java.lang.Double""","calledMethod_p == ""push""","pushInput_p == ""class java.lang.Boolean""",Yes,1597052895020:808b768a-2ab0-4550-b2b4-4f0a5fff8aff,1597052895020:e825e22f-5d94-45cd-ae6a-3e5cb0fbbefb,21,"['9', '11', '12', '17', '21', '30', '31', '33', '53', '55', '73', '77', '79', '86', '90', '108', '121', '124', '128', '132', '136']",13,"['22', '23', '24', '62', '64', '68', '88', '93', '94', '95', '96', '103', '125']",21,"['9', '11', '12', '17', '21', '30', '31', '33', '53', '55', '73', '77', '79', '86', '90', '108', '121', '124', '128', '132', '136']"
71,3346,"size == ""3""","isEmpty == ""False""","peek_obj_type == ""class java.lang.Class""","calledMethod == ""push""","pushInput == ""class experiment.drivers.AlejaStackTestDriver""","size_p == ""2""","isEmpty_p == ""True""","peek_obj_type_p == ""class java.lang.String""","calledMethod_p == ""push""","pushInput_p == ""class java.lang.String""",Yes,1597052895015:72664a86-8ca0-4b7d-b949-6d2838f2acab,1597052895016:76c4a492-4c5e-4f80-9ac4-366f1086375e,8,"['2', '7', '14', '15', '41', '42', '88', '127']",2,"['116', '118']",8,"['2', '7', '14', '15', '41', '42', '88', '127']"
72,3347,"size == ""2""","isEmpty == ""True""","peek_obj_type == ""class java.lang.String""","calledMethod == ""pop""","pushInput == ""none""","size_p == ""3""","isEmpty_p == ""False""","peek_obj_type_p == ""class java.lang.Class""","calledMethod_p == ""push""","pushInput_p == ""class experiment.drivers.AlejaStackTestDriver""",Yes,1597052895015:72664a86-8ca0-4b7d-b949-6d2838f2acab,1597052895016:76c4a492-4c5e-4f80-9ac4-366f1086375e,21,"['9', '11', '12', '17', '21', '30', '31', '33', '53', '55', '73', '77', '79', '86', '90', '108', '121', '124', '128', '132', '136']",13,"['22', '23', '24', '62', '64', '68', '88', '93', '94', '95', '96', '103', '125']",21,"['9', '11', '12', '17', '21', '30', '31', '33', '53', '55', '73', '77', '79', '86', '90', '108', '121', '124', '128', '132', '136']"
73,3493,"size == ""2""","isEmpty == ""True""","peek_obj_type == ""class java.lang.String""","calledMethod == ""pop""","pushInput == ""none""","size_p == ""3""","isEmpty_p == ""False""","peek_obj_type_p == ""class java.lang.Short""","calledMethod_p == ""push""","pushInput_p == ""class java.lang.Class""",Yes,1597052895013:bb97d7e1-db79-47ca-8f38-6126f03f304a,1597052895013:98a36eb9-0b63-4504-99c2-0341d045fd74,21,"['9', '11', '12', '17', '21', '30', '31', '33', '53', '55', '73', '77', '79', '86', '90', '108', '121', '124', '128', '132', '136']",13,"['22', '23', '24', '62', '64', '68', '88', '93', '94', '95', '96', '103', '125']",21,"['9', '11', '12', '17', '21', '30', '31', '33', '53', '55', '73', '77', '79', '86', '90', '108', '121', '124', '128', '132', '136']"
74,3599,"size == ""1""","isEmpty == ""False""","peek_obj_type == ""class java.lang.Float""","calledMethod == ""push""","pushInput == ""class java.lang.Float""","size_p == ""0""","isEmpty_p == ""True""","peek_obj_type_p == ""EmptyObject""","calledMethod_p == ""clear""","pushInput_p == ""none""",No,1597052895012:174b020a-7d4b-4f2f-a19a-91bf7c5eeffa,1597052895012:2e1a2ad0-cb13-4844-93b5-e0c36af203be,0,,1,['118'],0,
75,3626,"size == ""4""","isEmpty == ""False""","peek_obj_type == ""class java.lang.Byte""","calledMethod == ""push""","pushInput == ""class experiment.drivers.AlejaStackTestDriver""","size_p == ""3""","isEmpty_p == ""False""","peek_obj_type_p == ""class experiment.drivers.AlejaStackTestDriver""","calledMethod_p == ""push""","pushInput_p == ""class java.lang.Byte""",Yes,1597052895011:3c029c1f-afe4-46a4-acab-c2d734014a45,1597052895011:795202fc-2d4e-4061-897a-408f87519b0d,0,,11,"['7', '40', '41', '42', '63', '88', '92', '93', '116', '118', '127']",0,
76,3714,"size == ""4""","isEmpty == ""False""","peek_obj_type == ""class java.lang.Class""","calledMethod == ""push""","pushInput == ""class java.lang.Class""","size_p == ""3""","isEmpty_p == ""False""","peek_obj_type_p == ""class java.lang.Float""","calledMethod_p == ""push""","pushInput_p == ""class java.lang.Class""",Yes,1597052895010:9221fc23-2612-4eba-9357-a0e191fcd2ca,1597052895011:7414cf90-206c-4102-8ef9-2722c58ebd1b,0,,10,"['7', '40', '41', '42', '88', '92', '93', '116', '118', '127']",0,
77,4184,"size == ""0""","isEmpty == ""True""","peek_obj_type == ""EmptyObject""","calledMethod == ""clear""","pushInput == ""none""","size_p == ""1""","isEmpty_p == ""False""","peek_obj_type_p == ""class java.lang.Float""","calledMethod_p == ""push""","pushInput_p == ""class java.lang.Float""",No,1597052895005:7133c0e4-0539-4b6e-acba-21566f31f509,1597052895005:5fedd88a-4893-4580-9e82-542969c14818,0,,89,"['1', '8', '9', '16', '17', '18', '19', '20', '21', '25', '26', '27', '28', '29', '30', '32', '33', '37', '38', '44', '45', '46', '47', '48', '49', '50', '51', '52', '53', '54', '55', '56', '57', '58', '59', '60', '62', '65', '66', '67', '68', '71', '72', '73', '75', '76', '77', '78', '79', '85', '86', '87', '88', '89', '90', '91', '99', '100', '101', '102', '103', '104', '105', '106', '107', '108', '109', '110', '111', '112', '113', '114', '115', '117', '120', '121', '122', '123', '124', '126', '128', '129', '130', '131', '132', '133', '134', '135', '136']",0,
78,4278,"size == ""0""","isEmpty == ""True""","peek_obj_type == ""EmptyObject""","calledMethod == ""clear""","pushInput == ""none""","size_p == ""4""","isEmpty_p == ""False""","peek_obj_type_p == ""class java.lang.Byte""","calledMethod_p == ""push""","pushInput_p == ""class experiment.drivers.AlejaStackTestDriver""",No,1597052895004:20845515-6a4f-4036-9dfa-c77b437e1292,1597052895005:a1a21de5-879f-4bde-a87c-bc2b0a2e42b5,0,,88,"['1', '8', '9', '16', '17', '18', '19', '20', '21', '25', '26', '27', '28', '29', '30', '32', '33', '37', '38', '44', '45', '46', '47', '48', '49', '50', '51', '52', '53', '54', '55', '56', '57', '58', '59', '60', '62', '65', '66', '67', '68', '71', '72', '73', '75', '76', '77', '78', '79', '85', '86', '87', '88', '89', '90', '91', '99', '100', '101', '102', '103', '104', '105', '106', '107', '108', '109', '110', '111', '112', '113', '114', '115', '117', '120', '121', '122', '123', '124', '126', '128', '129', '130', '132', '133', '134', '135', '136']",0,
79,4330,"size == ""3""","isEmpty == ""False""","peek_obj_type == ""class java.lang.Float""","calledMethod == ""pop""","pushInput == ""none""","size_p == ""4""","isEmpty_p == ""False""","peek_obj_type_p == ""class java.lang.Double""","calledMethod_p == ""push""","pushInput_p == ""class experiment.drivers.AlejaStackTestDriver""",Yes,1597052895004:115438d8-0d31-471a-aacc-24de8507f54c,1597052895004:a38a7e26-1617-4a0b-bba6-e8cfb0a8a369,0,,28,"['3', '4', '5', '6', '22', '23', '24', '34', '35', '36', '39', '43', '61', '69', '70', '80', '81', '82', '83', '84', '88', '94', '95', '96', '103', '119', '125', '127']",0,
80,4331,"size == ""0""","isEmpty == ""True""","peek_obj_type == ""EmptyObject""","calledMethod == ""clear""","pushInput == ""none""","size_p == ""3""","isEmpty_p == ""False""","peek_obj_type_p == ""class java.lang.Float""","calledMethod_p == ""pop""","pushInput_p == ""none""",No,1597052895004:115438d8-0d31-471a-aacc-24de8507f54c,1597052895004:a38a7e26-1617-4a0b-bba6-e8cfb0a8a369,0,,90,"['1', '8', '9', '16', '17', '18', '19', '20', '21', '25', '26', '27', '28', '29', '30', '32', '33', '37', '38', '44', '45', '46', '47', '48', '49', '50', '51', '52', '53', '54', '55', '56', '57', '58', '59', '60', '62', '65', '66', '67', '68', '71', '72', '73', '74', '75', '76', '77', '78', '79', '85', '86', '87', '89', '90', '91', '93', '97', '98', '99', '100', '101', '102', '104', '105', '106', '107', '108', '109', '110', '111', '112', '113', '114', '115', '117', '120', '121', '122', '123', '124', '126', '128', '129', '130', '132', '133', '134', '135', '136']",0,
81,4377,"size == ""5""","isEmpty == ""False""","peek_obj_type == ""class java.lang.Class""","calledMethod == ""push""","pushInput == ""class java.lang.Boolean""","size_p == ""4""","isEmpty_p == ""False""","peek_obj_type_p == ""class java.lang.Class""","calledMethod_p == ""push""","pushInput_p == ""class java.lang.Class""",Yes,1597052895003:f90ea525-cf8e-42db-9833-32cd85ca43e5,1597052895003:c1f5f3d8-e268-4de9-9289-005d4b5c841e,0,,9,"['7', '40', '41', '42', '88', '92', '116', '118', '127']",0,
82,4378,"size == ""4""","isEmpty == ""False""","peek_obj_type == ""class java.lang.Class""","calledMethod == ""pop""","pushInput == ""none""","size_p == ""5""","isEmpty_p == ""False""","peek_obj_type_p == ""class java.lang.Class""","calledMethod_p == ""push""","pushInput_p == ""class java.lang.Boolean""",Yes,1597052895003:f90ea525-cf8e-42db-9833-32cd85ca43e5,1597052895003:c1f5f3d8-e268-4de9-9289-005d4b5c841e,0,,28,"['3', '4', '5', '6', '22', '23', '24', '34', '35', '36', '39', '43', '61', '69', '70', '80', '81', '82', '83', '84', '88', '94', '95', '96', '103', '119', '125', '127']",0,
83,4379,"size == ""3""","isEmpty == ""False""","peek_obj_type == ""class java.lang.Float""","calledMethod == ""pop""","pushInput == ""none""","size_p == ""4""","isEmpty_p == ""False""","peek_obj_type_p == ""class java.lang.Class""","calledMethod_p == ""pop""","pushInput_p == ""none""",Yes,1597052895003:f90ea525-cf8e-42db-9833-32cd85ca43e5,1597052895003:c1f5f3d8-e268-4de9-9289-005d4b5c841e,0,,14,"['3', '4', '5', '6', '39', '43', '69', '70', '74', '94', '97', '98', '119', '125']",0,
84,4608,"size == ""0""","isEmpty == ""True""","peek_obj_type == ""EmptyObject""","calledMethod == ""clear""","pushInput == ""none""","size_p == ""3""","isEmpty_p == ""False""","peek_obj_type_p == ""class java.lang.Boolean""","calledMethod_p == ""pop""","pushInput_p == ""none""",No,1597052895001:1904fb1c-5577-454d-813c-a4b4a41dfb61,1597052895001:272d2b59-ea79-4bb1-b53a-62bcb7fc1a2d,0,,90,"['1', '8', '9', '16', '17', '18', '19', '20', '21', '25', '26', '27', '28', '29', '30', '32', '33', '37', '38', '44', '45', '46', '47', '48', '49', '50', '51', '52', '53', '54', '55', '56', '57', '58', '59', '60', '62', '65', '66', '67', '68', '71', '72', '73', '74', '75', '76', '77', '78', '79', '85', '86', '87', '89', '90', '91', '93', '97', '98', '99', '100', '101', '102', '104', '105', '106', '107', '108', '109', '110', '111', '112', '113', '114', '115', '117', '120', '121', '122', '123', '124', '126', '128', '129', '130', '132', '133', '134', '135', '136']",0,
85,4614,"size == ""3""","isEmpty == ""False""","peek_obj_type == ""class java.lang.Float""","calledMethod == ""push""","pushInput == ""class java.lang.Boolean""","size_p == ""2""","isEmpty_p == ""True""","peek_obj_type_p == ""class java.lang.String""","calledMethod_p == ""pop""","pushInput_p == ""none""",Yes,1597052895000:e4e1f63a-7234-4054-aa7c-7c15d1651dc7,1597052895000:f676d40d-1b3f-4d25-bed7-414538e34e14,2,"['2', '14']",2,"['74', '118']",2,"['2', '14']"
86,4615,"size == ""4""","isEmpty == ""False""","peek_obj_type == ""class java.lang.Boolean""","calledMethod == ""push""","pushInput == ""class experiment.drivers.AlejaStackTestDriver""","size_p == ""3""","isEmpty_p == ""False""","peek_obj_type_p == ""class java.lang.Float""","calledMethod_p == ""push""","pushInput_p == ""class java.lang.Boolean""",Yes,1597052895000:e4e1f63a-7234-4054-aa7c-7c15d1651dc7,1597052895000:f676d40d-1b3f-4d25-bed7-414538e34e14,0,,10,"['7', '40', '41', '42', '88', '92', '93', '116', '118', '127']",0,
87,4616,"size == ""0""","isEmpty == ""True""","peek_obj_type == ""EmptyObject""","calledMethod == ""clear""","pushInput == ""none""","size_p == ""4""","isEmpty_p == ""False""","peek_obj_type_p == ""class java.lang.Boolean""","calledMethod_p == ""push""","pushInput_p == ""class experiment.drivers.AlejaStackTestDriver""",No,1597052895000:e4e1f63a-7234-4054-aa7c-7c15d1651dc7,1597052895000:f676d40d-1b3f-4d25-bed7-414538e34e14,0,,88,"['1', '8', '9', '16', '17', '18', '19', '20', '21', '25', '26', '27', '28', '29', '30', '32', '33', '37', '38', '44', '45', '46', '47', '48', '49', '50', '51', '52', '53', '54', '55', '56', '57', '58', '59', '60', '62', '65', '66', '67', '68', '71', '72', '73', '75', '76', '77', '78', '79', '85', '86', '87', '88', '89', '90', '91', '99', '100', '101', '102', '103', '104', '105', '106', '107', '108', '109', '110', '111', '112', '113', '114', '115', '117', '120', '121', '122', '123', '124', '126', '128', '129', '130', '132', '133', '134', '135', '136']",0,
88,5012,"size == ""3""","isEmpty == ""False""","peek_obj_type == ""class java.lang.Float""","calledMethod == ""pop""","pushInput == ""none""","size_p == ""4""","isEmpty_p == ""False""","peek_obj_type_p == ""class java.lang.Class""","calledMethod_p == ""push""","pushInput_p == ""class java.lang.Class""",Yes,1597052894996:16cc775b-9e37-458a-90ec-b3059de1884c,1597052894996:9f28eae8-5813-4d22-b0dc-f6120d5b3d49,0,,28,"['3', '4', '5', '6', '22', '23', '24', '34', '35', '36', '39', '43', '61', '69', '70', '80', '81', '82', '83', '84', '88', '94', '95', '96', '103', '119', '125', '127']",0,
89,5699,"size == ""0""","isEmpty == ""True""","peek_obj_type == ""EmptyObject""","calledMethod == ""clear""","pushInput == ""none""","size_p == ""3""","isEmpty_p == ""False""","peek_obj_type_p == ""class java.lang.Double""","calledMethod_p == ""push""","pushInput_p == ""class java.lang.Boolean""",No,1597052894988:c5456d14-e634-4630-972a-3e89d9891805,1597052894988:dacf3f6a-25b5-464f-8004-43db62954576,0,,89,"['1', '8', '9', '16', '17', '18', '19', '20', '21', '25', '26', '27', '28', '29', '30', '32', '33', '37', '38', '44', '45', '46', '47', '48', '49', '50', '51', '52', '53', '54', '55', '56', '57', '58', '59', '60', '62', '65', '66', '67', '68', '71', '72', '73', '75', '76', '77', '78', '79', '85', '86', '87', '88', '89', '90', '91', '93', '99', '100', '101', '102', '103', '104', '105', '106', '107', '108', '109', '110', '111', '112', '113', '114', '115', '117', '120', '121', '122', '123', '124', '126', '128', '129', '130', '132', '133', '134', '135', '136']",0,
90,5761,"size == ""4""","isEmpty == ""False""","peek_obj_type == ""class java.lang.Class""","calledMethod == ""push""","pushInput == ""class experiment.drivers.AlejaStackTestDriver""","size_p == ""3""","isEmpty_p == ""False""","peek_obj_type_p == ""class java.lang.Float""","calledMethod_p == ""push""","pushInput_p == ""class java.lang.Class""",Yes,1597052894987:d0b8b80d-8323-46cb-af2f-a958b0259803,1597052894987:413d2b25-90d8-4e44-b213-43f651f6d15d,0,,10,"['7', '40', '41', '42', '88', '92', '93', '116', '118', '127']",0,
91,6206,"size == ""0""","isEmpty == ""True""","peek_obj_type == ""EmptyObject""","calledMethod == ""pop""","pushInput == ""none""","size_p == ""1""","isEmpty_p == ""False""","peek_obj_type_p == ""class java.lang.Byte""","calledMethod_p == ""push""","pushInput_p == ""class java.lang.Byte""",No,1597052894981:a90b1270-b01c-49ed-81a1-36428ceb7bc6,1597052894981:6e5a2dbc-5e18-4739-9fd1-def79281485e,0,,96,"['1', '8', '9', '16', '17', '18', '19', '20', '21', '22', '23', '24', '25', '26', '27', '28', '29', '30', '32', '33', '37', '38', '44', '45', '46', '47', '48', '49', '50', '51', '52', '53', '54', '55', '56', '57', '58', '59', '60', '62', '65', '66', '67', '68', '71', '72', '73', '75', '76', '77', '78', '79', '85', '86', '87', '88', '89', '90', '91', '94', '95', '96', '99', '100', '101', '102', '103', '104', '105', '106', '107', '108', '109', '110', '111', '112', '113', '114', '115', '117', '120', '121', '122', '123', '124', '125', '126', '128', '129', '130', '131', '132', '133', '134', '135', '136']",0,
92,6434,"size == ""3""","isEmpty == ""False""","peek_obj_type == ""class experiment.drivers.AlejaStackTestDriver""","calledMethod == ""push""","pushInput == ""class experiment.drivers.AlejaStackTestDriver""","size_p == ""2""","isEmpty_p == ""True""","peek_obj_type_p == ""class java.lang.String""","calledMethod_p == ""push""","pushInput_p == ""class java.lang.String""",Yes,1597052894979:705dfbb4-30cc-42df-b832-497923aab742,1597052894979:99228921-ed2d-4a1e-902d-2bad3595df8b,8,"['2', '7', '14', '15', '41', '42', '88', '127']",3,"['0', '116', '118']",8,"['2', '7', '14', '15', '41', '42', '88', '127']"
93,6435,"size == ""2""","isEmpty == ""True""","peek_obj_type == ""class java.lang.String""","calledMethod == ""pop""","pushInput == ""none""","size_p == ""3""","isEmpty_p == ""False""","peek_obj_type_p == ""class experiment.drivers.AlejaStackTestDriver""","calledMethod_p == ""push""","pushInput_p == ""class experiment.drivers.AlejaStackTestDriver""",Yes,1597052894979:705dfbb4-30cc-42df-b832-497923aab742,1597052894979:99228921-ed2d-4a1e-902d-2bad3595df8b,21,"['9', '11', '12', '17', '21', '30', '31', '33', '53', '55', '73', '77', '79', '86', '90', '108', '121', '124', '128', '132', '136']",14,"['22', '23', '24', '62', '63', '64', '68', '88', '93', '94', '95', '96', '103', '125']",21,"['9', '11', '12', '17', '21', '30', '31', '33', '53', '55', '73', '77', '79', '86', '90', '108', '121', '124', '128', '132', '136']"
94,7596,"size == ""0""","isEmpty == ""True""","peek_obj_type == ""EmptyObject""","calledMethod == ""clear""","pushInput == ""none""","size_p == ""3""","isEmpty_p == ""False""","peek_obj_type_p == ""class experiment.drivers.AlejaStackTestDriver""","calledMethod_p == ""pop""","pushInput_p == ""none""",No,1597052894965:bd5fe677-2ae1-48a2-8477-eeca295f5c96,1597052894965:f4e59c0e-ad9b-4561-9870-2d6c5047ea6f,0,,91,"['1', '8', '9', '16', '17', '18', '19', '20', '21', '25', '26', '27', '28', '29', '30', '32', '33', '37', '38', '44', '45', '46', '47', '48', '49', '50', '51', '52', '53', '54', '55', '56', '57', '58', '59', '60', '62', '63', '65', '66', '67', '68', '71', '72', '73', '74', '75', '76', '77', '78', '79', '85', '86', '87', '89', '90', '91', '93', '97', '98', '99', '100', '101', '102', '104', '105', '106', '107', '108', '109', '110', '111', '112', '113', '114', '115', '117', '120', '121', '122', '123', '124', '126', '128', '129', '130', '132', '133', '134', '135', '136']",0,
95,7737,"size == ""0""","isEmpty == ""True""","peek_obj_type == ""EmptyObject""","calledMethod == ""clear""","pushInput == ""none""","size_p == ""4""","isEmpty_p == ""False""","peek_obj_type_p == ""class experiment.drivers.AlejaStackTestDriver""","calledMethod_p == ""push""","pushInput_p == ""class java.lang.Float""",No,1597052894964:07be4bf3-2468-4f99-851a-2d06f702fe2b,1597052894964:6b209198-efa6-4f8a-a3d2-f3a94d6f983e,0,,89,"['1', '8', '9', '16', '17', '18', '19', '20', '21', '25', '26', '27', '28', '29', '30', '32', '33', '37', '38', '44', '45', '46', '47', '48', '49', '50', '51', '52', '53', '54', '55', '56', '57', '58', '59', '60', '62', '63', '65', '66', '67', '68', '71', '72', '73', '75', '76', '77', '78', '79', '85', '86', '87', '88', '89', '90', '91', '99', '100', '101', '102', '103', '104', '105', '106', '107', '108', '109', '110', '111', '112', '113', '114', '115', '117', '120', '121', '122', '123', '124', '126', '128', '129', '130', '132', '133', '134', '135', '136']",0,
96,7907,"size == ""3""","isEmpty == ""False""","peek_obj_type == ""class java.lang.Double""","calledMethod == ""push""","pushInput == ""class experiment.drivers.AlejaStackTestDriver""","size_p == ""2""","isEmpty_p == ""True""","peek_obj_type_p == ""class java.lang.String""","calledMethod_p == ""pop""","pushInput_p == ""none""",Yes,1597052894962:e23b931d-90d5-4524-9de9-52dbccb00ab7,1597052894962:5fa1af66-e598-4a4b-8d3e-8621cffca17b,2,"['2', '14']",2,"['74', '118']",2,"['2', '14']"
97,8596,"size == ""1""","isEmpty == ""False""","peek_obj_type == ""class java.lang.Long""","calledMethod == ""push""","pushInput == ""class java.lang.Long""","size_p == ""0""","isEmpty_p == ""True""","peek_obj_type_p == ""EmptyObject""","calledMethod_p == ""pop""","pushInput_p == ""none""",No,1597052894953:810faecb-37f5-4d20-b3e2-ac07c207936a,1597052894953:3e13e17d-f3df-4e4c-b3cf-140183b6b3c4,0,,2,"['74', '118']",0,
98,9028,"size == ""2""","isEmpty == ""True""","peek_obj_type == ""class java.lang.String""","calledMethod == ""pop""","pushInput == ""none""","size_p == ""3""","isEmpty_p == ""False""","peek_obj_type_p == ""class java.lang.Float""","calledMethod_p == ""push""","pushInput_p == ""class java.lang.Class""",Yes,1597052894948:f46415d0-f09a-43b4-8db4-868df9b6361e,1597052894948:1555f0dc-5ca4-4da5-8b71-d25e9ae663bb,21,"['9', '11', '12', '17', '21', '30', '31', '33', '53', '55', '73', '77', '79', '86', '90', '108', '121', '124', '128', '132', '136']",13,"['22', '23', '24', '62', '64', '68', '88', '93', '94', '95', '96', '103', '125']",21,"['9', '11', '12', '17', '21', '30', '31', '33', '53', '55', '73', '77', '79', '86', '90', '108', '121', '124', '128', '132', '136']"
99,9257,"size == ""3""","isEmpty == ""False""","peek_obj_type == ""class java.lang.Long""","calledMethod == ""push""","pushInput == ""class experiment.drivers.AlejaStackTestDriver""","size_p == ""2""","isEmpty_p == ""True""","peek_obj_type_p == ""class java.lang.String""","calledMethod_p == ""push""","pushInput_p == ""class java.lang.String""",Yes,1597052894945:a115f1f2-e650-4c43-ae0d-f7c9573381a6,1597052894945:d4312286-8a93-4fd0-b7c0-13eb79527115,8,"['2', '7', '14', '15', '41', '42', '88', '127']",2,"['116', '118']",8,"['2', '7', '14', '15', '41', '42', '88', '127']"
100,9258,"size == ""0""","isEmpty == ""True""","peek_obj_type == ""EmptyObject""","calledMethod == ""clear""","pushInput == ""none""","size_p == ""3""","isEmpty_p == ""False""","peek_obj_type_p == ""class java.lang.Long""","calledMethod_p == ""push""","pushInput_p == ""class experiment.drivers.AlejaStackTestDriver""",No,1597052894945:a115f1f2-e650-4c43-ae0d-f7c9573381a6,1597052894945:d4312286-8a93-4fd0-b7c0-13eb79527115,0,,89,"['1', '8', '9', '16', '17', '18', '19', '20', '21', '25', '26', '27', '28', '29', '30', '32', '33', '37', '38', '44', '45', '46', '47', '48', '49', '50', '51', '52', '53', '54', '55', '56', '57', '58', '59', '60', '62', '65', '66', '67', '68', '71', '72', '73', '75', '76', '77', '78', '79', '85', '86', '87', '88', '89', '90', '91', '93', '99', '100', '101', '102', '103', '104', '105', '106', '107', '108', '109', '110', '111', '112', '113', '114', '115', '117', '120', '121', '122', '123', '124', '126', '128', '129', '130', '132', '133', '134', '135', '136']",0,
101,9281,"size == ""1""","isEmpty == ""False""","peek_obj_type == ""class java.lang.Object""","calledMethod == ""push""","pushInput == ""class java.lang.Object""","size_p == ""0""","isEmpty_p == ""True""","peek_obj_type_p == ""EmptyObject""","calledMethod_p == ""clear""","pushInput_p == ""none""",No,1597052894945:9c954621-cf2c-4e25-8471-6eefdc0e29a8,1597052894946:1b8ed100-c496-4c48-b2e5-f16b96f480d5,0,,1,['118'],0,
102,9282,"size == ""0""","isEmpty == ""True""","peek_obj_type == ""EmptyObject""","calledMethod == ""pop""","pushInput == ""none""","size_p == ""1""","isEmpty_p == ""False""","peek_obj_type_p == ""class java.lang.Object""","calledMethod_p == ""push""","pushInput_p == ""class java.lang.Object""",No,1597052894945:9c954621-cf2c-4e25-8471-6eefdc0e29a8,1597052894946:1b8ed100-c496-4c48-b2e5-f16b96f480d5,0,,96,"['1', '8', '9', '16', '17', '18', '19', '20', '21', '22', '23', '24', '25', '26', '27', '28', '29', '30', '32', '33', '37', '38', '44', '45', '46', '47', '48', '49', '50', '51', '52', '53', '54', '55', '56', '57', '58', '59', '60', '62', '65', '66', '67', '68', '71', '72', '73', '75', '76', '77', '78', '79', '85', '86', '87', '88', '89', '90', '91', '94', '95', '96', '99', '100', '101', '102', '103', '104', '105', '106', '107', '108', '109', '110', '111', '112', '113', '114', '115', '117', '120', '121', '122', '123', '124', '125', '126', '128', '129', '130', '131', '132', '133', '134', '135', '136']",0,
103,9648,"size == ""3""","isEmpty == ""False""","peek_obj_type == ""class java.lang.Long""","calledMethod == ""push""","pushInput == ""class java.lang.Class""","size_p == ""2""","isEmpty_p == ""True""","peek_obj_type_p == ""class java.lang.String""","calledMethod_p == ""push""","pushInput_p == ""class java.lang.String""",Yes,1597052894940:4e85e34e-3bca-4e33-a635-a47db247ddc1,1597052894940:4232735b-56d9-444f-8db2-6ceb4ed88107,8,"['2', '7', '14', '15', '41', '42', '88', '127']",2,"['116', '118']",8,"['2', '7', '14', '15', '41', '42', '88', '127']"
104,9649,"size == ""0""","isEmpty == ""True""","peek_obj_type == ""EmptyObject""","calledMethod == ""clear""","pushInput == ""none""","size_p == ""3""","isEmpty_p == ""False""","peek_obj_type_p == ""class java.lang.Long""","calledMethod_p == ""push""","pushInput_p == ""class java.lang.Class""",No,1597052894940:4e85e34e-3bca-4e33-a635-a47db247ddc1,1597052894940:4232735b-56d9-444f-8db2-6ceb4ed88107,0,,89,"['1', '8', '9', '16', '17', '18', '19', '20', '21', '25', '26', '27', '28', '29', '30', '32', '33', '37', '38', '44', '45', '46', '47', '48', '49', '50', '51', '52', '53', '54', '55', '56', '57', '58', '59', '60', '62', '65', '66', '67', '68', '71', '72', '73', '75', '76', '77', '78', '79', '85', '86', '87', '88', '89', '90', '91', '93', '99', '100', '101', '102', '103', '104', '105', '106', '107', '108', '109', '110', '111', '112', '113', '114', '115', '117', '120', '121', '122', '123', '124', '126', '128', '129', '130', '132', '133', '134', '135', '136']",0,
105,13440,"size == ""2""","isEmpty == ""True""","peek_obj_type == ""class java.lang.String""","calledMethod == ""pop""","pushInput == ""none""","size_p == ""3""","isEmpty_p == ""False""","peek_obj_type_p == ""class java.lang.Boolean""","calledMethod_p == ""pop""","pushInput_p == ""none""",Yes,1597052894895:6f9d36b5-9fe4-4915-a943-747b20709a14,1597052894895:c6bbfc7a-fc82-47de-a5c8-5f6710e30bad,21,"['9', '11', '12', '17', '21', '30', '31', '33', '53', '55', '73', '77', '79', '86', '90', '108', '121', '124', '128', '132', '136']",9,"['62', '64', '68', '74', '93', '94', '97', '98', '125']",21,"['9', '11', '12', '17', '21', '30', '31', '33', '53', '55', '73', '77', '79', '86', '90', '108', '121', '124', '128', '132', '136']"
106,13792,"size == ""0""","isEmpty == ""True""","peek_obj_type == ""EmptyObject""","calledMethod == ""clear""","pushInput == ""none""","size_p == ""3""","isEmpty_p == ""False""","peek_obj_type_p == ""class java.lang.Boolean""","calledMethod_p == ""push""","pushInput_p == ""class experiment.drivers.AlejaStackTestDriver""",No,1597052894891:91f0779d-8d2f-4480-a28f-4d6d7867b5ad,1597052894891:15d7dfad-a333-4abb-90ea-e945c416cc6c,0,,89,"['1', '8', '9', '16', '17', '18', '19', '20', '21', '25', '26', '27', '28', '29', '30', '32', '33', '37', '38', '44', '45', '46', '47', '48', '49', '50', '51', '52', '53', '54', '55', '56', '57', '58', '59', '60', '62', '65', '66', '67', '68', '71', '72', '73', '75', '76', '77', '78', '79', '85', '86', '87', '88', '89', '90', '91', '93', '99', '100', '101', '102', '103', '104', '105', '106', '107', '108', '109', '110', '111', '112', '113', '114', '115', '117', '120', '121', '122', '123', '124', '126', '128', '129', '130', '132', '133', '134', '135', '136']",0,
107,14454,"size == ""3""","isEmpty == ""False""","peek_obj_type == ""class java.lang.Double""","calledMethod == ""pop""","pushInput == ""none""","size_p == ""4""","isEmpty_p == ""False""","peek_obj_type_p == ""class java.lang.Boolean""","calledMethod_p == ""push""","pushInput_p == ""class experiment.drivers.AlejaStackTestDriver""",Yes,1597052894883:89dde5bf-c436-4dac-8dac-b63291a35b23,1597052894883:001a6243-c358-4255-ae13-9291f6fd141b,0,,28,"['3', '4', '5', '6', '22', '23', '24', '34', '35', '36', '39', '43', '61', '69', '70', '80', '81', '82', '83', '84', '88', '94', '95', '96', '103', '119', '125', '127']",0,
108,14705,"size == ""0""","isEmpty == ""True""","peek_obj_type == ""EmptyObject""","calledMethod == ""clear""","pushInput == ""none""","size_p == ""3""","isEmpty_p == ""False""","peek_obj_type_p == ""class java.lang.Float""","calledMethod_p == ""push""","pushInput_p == ""class experiment.drivers.AlejaStackTestDriver""",No,1597052894880:151b42c3-138b-4223-93e2-1bae3e1b42bb,1597052894881:6c44426b-5833-4913-b808-8cba8a4dc044,0,,89,"['1', '8', '9', '16', '17', '18', '19', '20', '21', '25', '26', '27', '28', '29', '30', '32', '33', '37', '38', '44', '45', '46', '47', '48', '49', '50', '51', '52', '53', '54', '55', '56', '57', '58', '59', '60', '62', '65', '66', '67', '68', '71', '72', '73', '75', '76', '77', '78', '79', '85', '86', '87', '88', '89', '90', '91', '93', '99', '100', '101', '102', '103', '104', '105', '106', '107', '108', '109', '110', '111', '112', '113', '114', '115', '117', '120', '121', '122', '123', '124', '126', '128', '129', '130', '132', '133', '134', '135', '136']",0,
109,15542,"size == ""0""","isEmpty == ""True""","peek_obj_type == ""EmptyObject""","calledMethod == ""clear""","pushInput == ""none""","size_p == ""1""","isEmpty_p == ""False""","peek_obj_type_p == ""class java.lang.Double""","calledMethod_p == ""push""","pushInput_p == ""class java.lang.Double""",No,1597052894866:fa8930f2-0760-41be-839f-7dbf2cae3c9f,1597052894866:c8913612-c905-4d71-98f4-e0ace4bce543,0,,89,"['1', '8', '9', '16', '17', '18', '19', '20', '21', '25', '26', '27', '28', '29', '30', '32', '33', '37', '38', '44', '45', '46', '47', '48', '49', '50', '51', '52', '53', '54', '55', '56', '57', '58', '59', '60', '62', '65', '66', '67', '68', '71', '72', '73', '75', '76', '77', '78', '79', '85', '86', '87', '88', '89', '90', '91', '99', '100', '101', '102', '103', '104', '105', '106', '107', '108', '109', '110', '111', '112', '113', '114', '115', '117', '120', '121', '122', '123', '124', '126', '128', '129', '130', '131', '132', '133', '134', '135', '136']",0,
110,15859,"size == ""3""","isEmpty == ""False""","peek_obj_type == ""class experiment.drivers.AlejaStackTestDriver""","calledMethod == ""pop""","pushInput == ""none""","size_p == ""4""","isEmpty_p == ""False""","peek_obj_type_p == ""class java.lang.Byte""","calledMethod_p == ""push""","pushInput_p == ""class experiment.drivers.AlejaStackTestDriver""",Yes,1597052894863:095cc0bd-9a54-406a-bf9c-0d688846c679,1597052894863:f3db638e-72d7-46c1-8df6-5a4d434f6cac,0,,30,"['0', '3', '4', '5', '6', '10', '22', '23', '24', '34', '35', '36', '39', '43', '61', '69', '70', '80', '81', '82', '83', '84', '88', '94', '95', '96', '103', '119', '125', '127']",0,
111,16608,"size == ""0""","isEmpty == ""True""","peek_obj_type == ""EmptyObject""","calledMethod == ""clear""","pushInput == ""none""","size_p == ""1""","isEmpty_p == ""False""","peek_obj_type_p == ""class java.lang.Long""","calledMethod_p == ""push""","pushInput_p == ""class java.lang.Long""",No,1597052894854:7f843b30-b6ea-4daf-a8a7-97ecae5fd937,1597052894854:9c78b4e8-ab94-4f0b-923f-d207abbb32dc,0,,89,"['1', '8', '9', '16', '17', '18', '19', '20', '21', '25', '26', '27', '28', '29', '30', '32', '33', '37', '38', '44', '45', '46', '47', '48', '49', '50', '51', '52', '53', '54', '55', '56', '57', '58', '59', '60', '62', '65', '66', '67', '68', '71', '72', '73', '75', '76', '77', '78', '79', '85', '86', '87', '88', '89', '90', '91', '99', '100', '101', '102', '103', '104', '105', '106', '107', '108', '109', '110', '111', '112', '113', '114', '115', '117', '120', '121', '122', '123', '124', '126', '128', '129', '130', '131', '132', '133', '134', '135', '136']",0,
112,16621,"size == ""1""","isEmpty == ""False""","peek_obj_type == ""class java.lang.Short""","calledMethod == ""push""","pushInput == ""class java.lang.Short""","size_p == ""0""","isEmpty_p == ""True""","peek_obj_type_p == ""EmptyObject""","calledMethod_p == ""clear""","pushInput_p == ""none""",No,1597052894854:23a677c8-2d2b-4fed-b3cf-8d898d8f26ff,1597052894854:7344afcc-6c4d-4c3e-bd23-71374905b37f,0,,1,['118'],0,
113,17400,"size == ""1""","isEmpty == ""False""","peek_obj_type == ""class java.lang.Boolean""","calledMethod == ""push""","pushInput == ""class java.lang.Boolean""","size_p == ""0""","isEmpty_p == ""True""","peek_obj_type_p == ""EmptyObject""","calledMethod_p == ""clear""","pushInput_p == ""none""",No,1597052894844:ec892cdd-45dc-457d-b21d-9cc4ed34fc54,1597052894844:ffd84c0e-1bd3-42d1-9e8c-79b6c5089f55,0,,1,['118'],0,
114,17421,"size == ""0""","isEmpty == ""True""","peek_obj_type == ""EmptyObject""","calledMethod == ""clear""","pushInput == ""none""","size_p == ""1""","isEmpty_p == ""False""","peek_obj_type_p == ""class java.lang.Boolean""","calledMethod_p == ""push""","pushInput_p == ""class java.lang.Boolean""",No,1597052894844:ec892cdd-45dc-457d-b21d-9cc4ed34fc54,1597052894844:ba2d58a9-bd9f-484d-96fa-3235b5419317,0,,89,"['1', '8', '9', '16', '17', '18', '19', '20', '21', '25', '26', '27', '28', '29', '30', '32', '33', '37', '38', '44', '45', '46', '47', '48', '49', '50', '51', '52', '53', '54', '55', '56', '57', '58', '59', '60', '62', '65', '66', '67', '68', '71', '72', '73', '75', '76', '77', '78', '79', '85', '86', '87', '88', '89', '90', '91', '99', '100', '101', '102', '103', '104', '105', '106', '107', '108', '109', '110', '111', '112', '113', '114', '115', '117', '120', '121', '122', '123', '124', '126', '128', '129', '130', '131', '132', '133', '134', '135', '136']",0,
115,17867,"size == ""4""","isEmpty == ""False""","peek_obj_type == ""class experiment.drivers.AlejaStackTestDriver""","calledMethod == ""push""","pushInput == ""class experiment.drivers.AlejaStackTestDriver""","size_p == ""3""","isEmpty_p == ""False""","peek_obj_type_p == ""class java.lang.Float""","calledMethod_p == ""push""","pushInput_p == ""class experiment.drivers.AlejaStackTestDriver""",Yes,1597052894839:69bc8a7d-3107-4eae-9769-be0f03bca3bf,1597052894839:35317e12-fbb6-4b93-bc9d-b5dc5027640c,0,,12,"['0', '7', '10', '40', '41', '42', '88', '92', '93', '116', '118', '127']",0,
116,20352,"size == ""0""","isEmpty == ""True""","peek_obj_type == ""EmptyObject""","calledMethod == ""clear""","pushInput == ""none""","size_p == ""4""","isEmpty_p == ""False""","peek_obj_type_p == ""class java.lang.Class""","calledMethod_p == ""push""","pushInput_p == ""class java.lang.Class""",No,1597052894810:c9516d66-324f-4d09-94fa-81582dc1813a,1597052894810:c6b3ebbb-7188-41a2-b12a-8ddd6f76886f,0,,88,"['1', '8', '9', '16', '17', '18', '19', '20', '21', '25', '26', '27', '28', '29', '30', '32', '33', '37', '38', '44', '45', '46', '47', '48', '49', '50', '51', '52', '53', '54', '55', '56', '57', '58', '59', '60', '62', '65', '66', '67', '68', '71', '72', '73', '75', '76', '77', '78', '79', '85', '86', '87', '88', '89', '90', '91', '99', '100', '101', '102', '103', '104', '105', '106', '107', '108', '109', '110', '111', '112', '113', '114', '115', '117', '120', '121', '122', '123', '124', '126', '128', '129', '130', '132', '133', '134', '135', '136']",0,
117,21394,"size == ""2""","isEmpty == ""True""","peek_obj_type == ""class java.lang.String""","calledMethod == ""pop""","pushInput == ""none""","size_p == ""3""","isEmpty_p == ""False""","peek_obj_type_p == ""class java.lang.Double""","calledMethod_p == ""pop""","pushInput_p == ""none""",Yes,1597052894798:2e8c7601-3dab-42c5-8c7a-a495bf089183,1597052894798:67a67d52-bad9-42ac-9e44-c75f2820be0a,21,"['9', '11', '12', '17', '21', '30', '31', '33', '53', '55', '73', '77', '79', '86', '90', '108', '121', '124', '128', '132', '136']",9,"['62', '64', '68', '74', '93', '94', '97', '98', '125']",21,"['9', '11', '12', '17', '21', '30', '31', '33', '53', '55', '73', '77', '79', '86', '90', '108', '121', '124', '128', '132', '136']"
118,22394,"size == ""2""","isEmpty == ""True""","peek_obj_type == ""class java.lang.String""","calledMethod == ""pop""","pushInput == ""none""","size_p == ""3""","isEmpty_p == ""False""","peek_obj_type_p == ""class java.lang.Float""","calledMethod_p == ""pop""","pushInput_p == ""none""",Yes,1597052894786:cc7ca69b-c534-4f2e-ad4e-1f22ab0fe798,1597052894786:5b9e48ae-6876-41f7-9284-5bf9421a2795,21,"['9', '11', '12', '17', '21', '30', '31', '33', '53', '55', '73', '77', '79', '86', '90', '108', '121', '124', '128', '132', '136']",9,"['62', '64', '68', '74', '93', '94', '97', '98', '125']",21,"['9', '11', '12', '17', '21', '30', '31', '33', '53', '55', '73', '77', '79', '86', '90', '108', '121', '124', '128', '132', '136']"
119,25962,"size == ""0""","isEmpty == ""True""","peek_obj_type == ""EmptyObject""","calledMethod == ""clear""","pushInput == ""none""","size_p == ""3""","isEmpty_p == ""False""","peek_obj_type_p == ""class java.lang.Float""","calledMethod_p == ""push""","pushInput_p == ""class java.lang.Boolean""",No,1597052894740:f416a508-6020-43c8-b1d4-1f9cf2f07666,1597052894740:261ead67-7565-44eb-a94e-5911819c527e,0,,89,"['1', '8', '9', '16', '17', '18', '19', '20', '21', '25', '26', '27', '28', '29', '30', '32', '33', '37', '38', '44', '45', '46', '47', '48', '49', '50', '51', '52', '53', '54', '55', '56', '57', '58', '59', '60', '62', '65', '66', '67', '68', '71', '72', '73', '75', '76', '77', '78', '79', '85', '86', '87', '88', '89', '90', '91', '93', '99', '100', '101', '102', '103', '104', '105', '106', '107', '108', '109', '110', '111', '112', '113', '114', '115', '117', '120', '121', '122', '123', '124', '126', '128', '129', '130', '132', '133', '134', '135', '136']",0,
120,27451,"size == ""3""","isEmpty == ""False""","peek_obj_type == ""class java.lang.Float""","calledMethod == ""push""","pushInput == ""class java.lang.Long""","size_p == ""2""","isEmpty_p == ""True""","peek_obj_type_p == ""class java.lang.String""","calledMethod_p == ""push""","pushInput_p == ""class java.lang.String""",Yes,1597052894721:f878fbe4-4e04-4e5e-ac62-ae26013c1759,1597052894721:dcebe5f5-74b9-43df-b23d-744335052851,8,"['2', '7', '14', '15', '41', '42', '88', '127']",2,"['116', '118']",8,"['2', '7', '14', '15', '41', '42', '88', '127']"
121,28295,"size == ""0""","isEmpty == ""True""","peek_obj_type == ""EmptyObject""","calledMethod == ""clear""","pushInput == ""none""","size_p == ""3""","isEmpty_p == ""False""","peek_obj_type_p == ""class java.lang.Boolean""","calledMethod_p == ""push""","pushInput_p == ""class java.lang.Long""",No,1597052894711:73939721-4d5a-4267-99aa-f9e5e9ec81a3,1597052894711:b16a9309-1a1d-495c-8f8d-e240934ae490,0,,89,"['1', '8', '9', '16', '17', '18', '19', '20', '21', '25', '26', '27', '28', '29', '30', '32', '33', '37', '38', '44', '45', '46', '47', '48', '49', '50', '51', '52', '53', '54', '55', '56', '57', '58', '59', '60', '62', '65', '66', '67', '68', '71', '72', '73', '75', '76', '77', '78', '79', '85', '86', '87', '88', '89', '90', '91', '93', '99', '100', '101', '102', '103', '104', '105', '106', '107', '108', '109', '110', '111', '112', '113', '114', '115', '117', '120', '121', '122', '123', '124', '126', '128', '129', '130', '132', '133', '134', '135', '136']",0,
122,31682,"size == ""0""","isEmpty == ""True""","peek_obj_type == ""EmptyObject""","calledMethod == ""clear""","pushInput == ""none""","size_p == ""3""","isEmpty_p == ""False""","peek_obj_type_p == ""class java.lang.Long""","calledMethod_p == ""push""","pushInput_p == ""class java.lang.Integer""",No,1597052894660:bc4acaa2-6674-4251-b20a-739a26e877f1,1597052894660:fc5be6b6-84fc-4c0c-83dd-6ed84597e466,0,,89,"['1', '8', '9', '16', '17', '18', '19', '20', '21', '25', '26', '27', '28', '29', '30', '32', '33', '37', '38', '44', '45', '46', '47', '48', '49', '50', '51', '52', '53', '54', '55', '56', '57', '58', '59', '60', '62', '65', '66', '67', '68', '71', '72', '73', '75', '76', '77', '78', '79', '85', '86', '87', '88', '89', '90', '91', '93', '99', '100', '101', '102', '103', '104', '105', '106', '107', '108', '109', '110', '111', '112', '113', '114', '115', '117', '120', '121', '122', '123', '124', '126', '128', '129', '130', '132', '133', '134', '135', '136']",0,
123,34511,"size == ""1""","isEmpty == ""False""","peek_obj_type == ""class java.lang.Integer""","calledMethod == ""push""","pushInput == ""class java.lang.Integer""","size_p == ""0""","isEmpty_p == ""True""","peek_obj_type_p == ""EmptyObject""","calledMethod_p == ""clear""","pushInput_p == ""none""",No,1597052894590:fb759cf9-fdc5-4663-a70b-f90ae6e4c39e,1597052894590:d10bc436-5d86-4ae1-a03e-18f291a582b2,0,,1,['118'],0,
124,34522,"size == ""2""","isEmpty == ""True""","peek_obj_type == ""class java.lang.String""","calledMethod == ""pop""","pushInput == ""none""","size_p == ""3""","isEmpty_p == ""False""","peek_obj_type_p == ""class java.lang.Long""","calledMethod_p == ""push""","pushInput_p == ""class java.lang.Integer""",Yes,1597052894590:fb759cf9-fdc5-4663-a70b-f90ae6e4c39e,1597052894590:0431383c-150d-4b89-bfc1-73a26f5ae012,21,"['9', '11', '12', '17', '21', '30', '31', '33', '53', '55', '73', '77', '79', '86', '90', '108', '121', '124', '128', '132', '136']",13,"['22', '23', '24', '62', '64', '68', '88', '93', '94', '95', '96', '103', '125']",21,"['9', '11', '12', '17', '21', '30', '31', '33', '53', '55', '73', '77', '79', '86', '90', '108', '121', '124', '128', '132', '136']"
125,34736,"size == ""3""","isEmpty == ""False""","peek_obj_type == ""class java.lang.Class""","calledMethod == ""push""","pushInput == ""class java.lang.Float""","size_p == ""2""","isEmpty_p == ""True""","peek_obj_type_p == ""class java.lang.String""","calledMethod_p == ""push""","pushInput_p == ""class java.lang.String""",Yes,1597052894579:bae816b2-2ea3-45f7-8cf6-59ed62f8b3ef,1597052894579:a6a987f2-3670-4169-9c14-bf3ea10eb5fa,8,"['2', '7', '14', '15', '41', '42', '88', '127']",2,"['116', '118']",8,"['2', '7', '14', '15', '41', '42', '88', '127']"
126,34737,"size == ""0""","isEmpty == ""True""","peek_obj_type == ""EmptyObject""","calledMethod == ""clear""","pushInput == ""none""","size_p == ""3""","isEmpty_p == ""False""","peek_obj_type_p == ""class java.lang.Class""","calledMethod_p == ""push""","pushInput_p == ""class java.lang.Float""",No,1597052894579:bae816b2-2ea3-45f7-8cf6-59ed62f8b3ef,1597052894579:a6a987f2-3670-4169-9c14-bf3ea10eb5fa,0,,89,"['1', '8', '9', '16', '17', '18', '19', '20', '21', '25', '26', '27', '28', '29', '30', '32', '33', '37', '38', '44', '45', '46', '47', '48', '49', '50', '51', '52', '53', '54', '55', '56', '57', '58', '59', '60', '62', '65', '66', '67', '68', '71', '72', '73', '75', '76', '77', '78', '79', '85', '86', '87', '88', '89', '90', '91', '93', '99', '100', '101', '102', '103', '104', '105', '106', '107', '108', '109', '110', '111', '112', '113', '114', '115', '117', '120', '121', '122', '123', '124', '126', '128', '129', '130', '132', '133', '134', '135', '136']",0,
127,34772,"size == ""0""","isEmpty == ""True""","peek_obj_type == ""EmptyObject""","calledMethod == ""clear""","pushInput == ""none""","size_p == ""1""","isEmpty_p == ""False""","peek_obj_type_p == ""class java.lang.Object""","calledMethod_p == ""push""","pushInput_p == ""class java.lang.Object""",No,1597052894579:6cb9c621-8beb-4d8e-8765-220e7a82d271,1597052894579:7ca3b068-56f6-429b-b70b-0716c879d69d,0,,89,"['1', '8', '9', '16', '17', '18', '19', '20', '21', '25', '26', '27', '28', '29', '30', '32', '33', '37', '38', '44', '45', '46', '47', '48', '49', '50', '51', '52', '53', '54', '55', '56', '57', '58', '59', '60', '62', '65', '66', '67', '68', '71', '72', '73', '75', '76', '77', '78', '79', '85', '86', '87', '88', '89', '90', '91', '99', '100', '101', '102', '103', '104', '105', '106', '107', '108', '109', '110', '111', '112', '113', '114', '115', '117', '120', '121', '122', '123', '124', '126', '128', '129', '130', '131', '132', '133', '134', '135', '136']",0,
128,35554,"size == ""3""","isEmpty == ""False""","peek_obj_type == ""class java.lang.Boolean""","calledMethod == ""push""","pushInput == ""class java.lang.Class""","size_p == ""2""","isEmpty_p == ""True""","peek_obj_type_p == ""class java.lang.String""","calledMethod_p == ""push""","pushInput_p == ""class java.lang.String""",Yes,1597052894556:e1899375-892d-45f1-bdd6-6df6f1800ecb,1597052894556:c682bea9-189d-4f2c-85f6-37ae8c0175c2,8,"['2', '7', '14', '15', '41', '42', '88', '127']",2,"['116', '118']",8,"['2', '7', '14', '15', '41', '42', '88', '127']"
129,35934,"size == ""2""","isEmpty == ""True""","peek_obj_type == ""class java.lang.String""","calledMethod == ""pop""","pushInput == ""none""","size_p == ""3""","isEmpty_p == ""False""","peek_obj_type_p == ""class java.lang.Class""","calledMethod_p == ""push""","pushInput_p == ""class java.lang.Float""",Yes,1597052894545:757e2ee1-cc6d-4902-9509-0fcd52782ce8,1597052894545:4f596887-37cd-4e0f-99ab-f883314379da,21,"['9', '11', '12', '17', '21', '30', '31', '33', '53', '55', '73', '77', '79', '86', '90', '108', '121', '124', '128', '132', '136']",13,"['22', '23', '24', '62', '64', '68', '88', '93', '94', '95', '96', '103', '125']",21,"['9', '11', '12', '17', '21', '30', '31', '33', '53', '55', '73', '77', '79', '86', '90', '108', '121', '124', '128', '132', '136']"
130,36083,"size == ""1""","isEmpty == ""False""","peek_obj_type == ""class java.lang.Byte""","calledMethod == ""push""","pushInput == ""class java.lang.Byte""","size_p == ""0""","isEmpty_p == ""True""","peek_obj_type_p == ""EmptyObject""","calledMethod_p == ""clear""","pushInput_p == ""none""",No,1597052894540:a00b2481-322c-4b7d-984c-fe0e4f6b4a11,1597052894541:6dbb6df6-7c9b-4a0f-b6f9-ff53ba4d8b20,0,,1,['118'],0,
131,44048,"size == ""0""","isEmpty == ""True""","peek_obj_type == ""EmptyObject""","calledMethod == ""clear""","pushInput == ""none""","size_p == ""1""","isEmpty_p == ""False""","peek_obj_type_p == ""class java.lang.Short""","calledMethod_p == ""push""","pushInput_p == ""class java.lang.Short""",No,1597052894308:64a47a35-a1e3-477f-a0a6-2ece0d3792c4,1597052894308:1847d9da-4032-46fa-8029-bf9dff698d42,0,,89,"['1', '8', '9', '16', '17', '18', '19', '20', '21', '25', '26', '27', '28', '29', '30', '32', '33', '37', '38', '44', '45', '46', '47', '48', '49', '50', '51', '52', '53', '54', '55', '56', '57', '58', '59', '60', '62', '65', '66', '67', '68', '71', '72', '73', '75', '76', '77', '78', '79', '85', '86', '87', '88', '89', '90', '91', '99', '100', '101', '102', '103', '104', '105', '106', '107', '108', '109', '110', '111', '112', '113', '114', '115', '117', '120', '121', '122', '123', '124', '126', '128', '129', '130', '131', '132', '133', '134', '135', '136']",0,
132,46145,"size == ""0""","isEmpty == ""True""","peek_obj_type == ""EmptyObject""","calledMethod == ""pop""","pushInput == ""none""",x,x,x,x,x,No,1597052894224:9b1328da-e9a6-4ba9-a75d-ba72d87df9ad,1597052894224:058aded9-7712-4e87-b7a2-d5af812bdfde,0,,44,"['16', '17', '25', '26', '27', '28', '29', '30', '37', '38', '44', '45', '46', '47', '48', '62', '75', '76', '77', '78', '79', '91', '94', '109', '110', '111', '112', '113', '114', '117', '120', '121', '122', '123', '124', '126', '128', '129', '130', '132', '133', '134', '135', '136']",0,
