,index,size,isEmpty,peek_obj_type,calledMethod,size_p,isEmpty_p,peek_obj_type_p,calledMethod_p,diff,testId,instanceId,Matched_LHS,RuleMatched_LHS,Matched,RuleMatched,Violated,RuleViolated
0,0,"size == ""2""","isEmpty == ""False""","peek_obj_type == ""class java.lang.Float""","calledMethod == ""push""",x,x,x,x,Yes,1597059728734:5c3e0abe-484c-4175-b170-3e294f546b5c,1597059728734:ef088c28-f17c-43a0-af9f-ac96f806d3ac,0,,3,"['129', '267', '290']",0,
1,1,"size == ""3""","isEmpty == ""False""","peek_obj_type == ""class java.lang.Float""","calledMethod == ""push""","size_p == ""2""","isEmpty_p == ""False""","peek_obj_type_p == ""class java.lang.Float""","calledMethod_p == ""push""",Yes,1597059728734:5c3e0abe-484c-4175-b170-3e294f546b5c,1597059728734:ef088c28-f17c-43a0-af9f-ac96f806d3ac,0,,5,"['129', '183', '184', '267', '290']",0,
2,2,"size == ""4""","isEmpty == ""False""","peek_obj_type == ""class java.lang.Float""","calledMethod == ""push""","size_p == ""3""","isEmpty_p == ""False""","peek_obj_type_p == ""class java.lang.Float""","calledMethod_p == ""push""",Yes,1597059728734:5c3e0abe-484c-4175-b170-3e294f546b5c,1597059728734:d96c1c8c-969a-4299-9785-e22986fb5119,0,,5,"['129', '183', '184', '267', '290']",0,
3,5,"size == ""2""","isEmpty == ""False""","peek_obj_type == ""class java.lang.Long""","calledMethod == ""push""","size_p == ""0""","isEmpty_p == ""True""","peek_obj_type_p == ""EmptyObject""","calledMethod_p == ""clear""",Yes,1597059728734:5c3e0abe-484c-4175-b170-3e294f546b5c,1597059728734:9df7b216-89d7-4ebf-92af-4e6ebd182f60,95,"['10', '14', '30', '32', '37', '41', '42', '43', '44', '48', '52', '56', '60', '82', '83', '86', '87', '97', '101', '105', '106', '127', '147', '149', '150', '155', '157', '158', '161', '173', '174', '179', '185', '186', '187', '198', '200', '201', '205', '231', '242', '249', '250', '252', '253', '257', '258', '261', '263', '264', '280', '281', '283', '285', '287', '289', '292', '293', '298', '299', '302', '308', '311', '327', '332', '333', '336', '340', '341', '342', '345', '347', '348', '363', '364', '365', '366', '370', '371', '377', '381', '393', '394', '396', '398', '400', '402', '406', '408', '410', '430', '431', '433', '437', '438']",106,"['0', '1', '17', '18', '19', '20', '21', '22', '23', '24', '33', '34', '93', '107', '108', '109', '111', '112', '115', '116', '117', '118', '119', '120', '122', '123', '124', '172', '188', '189', '190', '191', '192', '216', '217', '218', '219', '220', '221', '222', '223', '234', '235', '236', '237', '238', '239', '240', '241', '256', '265', '266', '269', '270', '271', '272', '273', '274', '275', '276', '277', '278', '279', '290', '304', '305', '306', '307', '317', '318', '319', '320', '321', '322', '323', '356', '357', '358', '359', '360', '361', '372', '373', '384', '386', '387', '388', '389', '390', '391', '392', '403', '415', '416', '417', '418', '419', '420', '421', '422', '423', '424', '425', '426', '428', '429']",95,"['10', '14', '30', '32', '37', '41', '42', '43', '44', '48', '52', '56', '60', '82', '83', '86', '87', '97', '101', '105', '106', '127', '147', '149', '150', '155', '157', '158', '161', '173', '174', '179', '185', '186', '187', '198', '200', '201', '205', '231', '242', '249', '250', '252', '253', '257', '258', '261', '263', '264', '280', '281', '283', '285', '287', '289', '292', '293', '298', '299', '302', '308', '311', '327', '332', '333', '336', '340', '341', '342', '345', '347', '348', '363', '364', '365', '366', '370', '371', '377', '381', '393', '394', '396', '398', '400', '402', '406', '408', '410', '430', '431', '433', '437', '438']"
4,6,"size == ""3""","isEmpty == ""False""","peek_obj_type == ""class java.lang.Long""","calledMethod == ""push""","size_p == ""2""","isEmpty_p == ""False""","peek_obj_type_p == ""class java.lang.Long""","calledMethod_p == ""push""",Yes,1597059728734:5c3e0abe-484c-4175-b170-3e294f546b5c,1597059728734:9df7b216-89d7-4ebf-92af-4e6ebd182f60,0,,3,"['183', '184', '290']",0,
5,7,"size == ""4""","isEmpty == ""False""","peek_obj_type == ""class java.lang.Boolean""","calledMethod == ""push""","size_p == ""3""","isEmpty_p == ""False""","peek_obj_type_p == ""class java.lang.Long""","calledMethod_p == ""push""",Yes,1597059728734:5c3e0abe-484c-4175-b170-3e294f546b5c,1597059728734:9df7b216-89d7-4ebf-92af-4e6ebd182f60,0,,3,"['183', '184', '290']",0,
6,8,"size == ""3""","isEmpty == ""False""","peek_obj_type == ""class java.lang.Long""","calledMethod == ""pop""","size_p == ""4""","isEmpty_p == ""False""","peek_obj_type_p == ""class java.lang.Boolean""","calledMethod_p == ""push""",Yes,1597059728734:5c3e0abe-484c-4175-b170-3e294f546b5c,1597059728734:9df7b216-89d7-4ebf-92af-4e6ebd182f60,0,,3,"['26', '183', '184']",0,
7,9,"size == ""2""","isEmpty == ""False""","peek_obj_type == ""class java.lang.Long""","calledMethod == ""pop""","size_p == ""3""","isEmpty_p == ""False""","peek_obj_type_p == ""class java.lang.Long""","calledMethod_p == ""pop""",Yes,1597059728734:5c3e0abe-484c-4175-b170-3e294f546b5c,1597059728734:9df7b216-89d7-4ebf-92af-4e6ebd182f60,0,,0,,0,
8,10,"size == ""3""","isEmpty == ""False""","peek_obj_type == ""class java.lang.Long""","calledMethod == ""push""","size_p == ""2""","isEmpty_p == ""False""","peek_obj_type_p == ""class java.lang.Long""","calledMethod_p == ""pop""",Yes,1597059728734:5c3e0abe-484c-4175-b170-3e294f546b5c,1597059728734:9df7b216-89d7-4ebf-92af-4e6ebd182f60,0,,1,['290'],0,
9,11,"size == ""2""","isEmpty == ""False""","peek_obj_type == ""class java.lang.Long""","calledMethod == ""pop""","size_p == ""3""","isEmpty_p == ""False""","peek_obj_type_p == ""class java.lang.Long""","calledMethod_p == ""push""",Yes,1597059728734:5c3e0abe-484c-4175-b170-3e294f546b5c,1597059728734:9df7b216-89d7-4ebf-92af-4e6ebd182f60,0,,3,"['26', '183', '184']",0,
10,13,"size == ""2""","isEmpty == ""False""","peek_obj_type == ""class experiment.drivers.AlejaStackTestDriver""","calledMethod == ""push""","size_p == ""0""","isEmpty_p == ""True""","peek_obj_type_p == ""EmptyObject""","calledMethod_p == ""clear""",Yes,1597059728734:5c3e0abe-484c-4175-b170-3e294f546b5c,1597059728734:9df7b216-89d7-4ebf-92af-4e6ebd182f60,95,"['10', '14', '30', '32', '37', '41', '42', '43', '44', '48', '52', '56', '60', '82', '83', '86', '87', '97', '101', '105', '106', '127', '147', '149', '150', '155', '157', '158', '161', '173', '174', '179', '185', '186', '187', '198', '200', '201', '205', '231', '242', '249', '250', '252', '253', '257', '258', '261', '263', '264', '280', '281', '283', '285', '287', '289', '292', '293', '298', '299', '302', '308', '311', '327', '332', '333', '336', '340', '341', '342', '345', '347', '348', '363', '364', '365', '366', '370', '371', '377', '381', '393', '394', '396', '398', '400', '402', '406', '408', '410', '430', '431', '433', '437', '438']",106,"['0', '1', '17', '18', '19', '20', '21', '22', '23', '24', '33', '34', '93', '107', '108', '109', '111', '112', '115', '116', '117', '118', '119', '120', '122', '123', '124', '172', '188', '189', '190', '191', '192', '216', '217', '218', '219', '220', '221', '222', '223', '234', '235', '236', '237', '238', '239', '240', '241', '256', '265', '266', '269', '270', '271', '272', '273', '274', '275', '276', '277', '278', '279', '290', '304', '305', '306', '307', '317', '318', '319', '320', '321', '322', '323', '356', '357', '358', '359', '360', '361', '372', '373', '384', '386', '387', '388', '389', '390', '391', '392', '403', '415', '416', '417', '418', '419', '420', '421', '422', '423', '424', '425', '426', '428', '429']",95,"['10', '14', '30', '32', '37', '41', '42', '43', '44', '48', '52', '56', '60', '82', '83', '86', '87', '97', '101', '105', '106', '127', '147', '149', '150', '155', '157', '158', '161', '173', '174', '179', '185', '186', '187', '198', '200', '201', '205', '231', '242', '249', '250', '252', '253', '257', '258', '261', '263', '264', '280', '281', '283', '285', '287', '289', '292', '293', '298', '299', '302', '308', '311', '327', '332', '333', '336', '340', '341', '342', '345', '347', '348', '363', '364', '365', '366', '370', '371', '377', '381', '393', '394', '396', '398', '400', '402', '406', '408', '410', '430', '431', '433', '437', '438']"
11,15,"size == ""2""","isEmpty == ""False""","peek_obj_type == ""class java.lang.Class""","calledMethod == ""push""","size_p == ""0""","isEmpty_p == ""True""","peek_obj_type_p == ""EmptyObject""","calledMethod_p == ""clear""",Yes,1597059728734:5c3e0abe-484c-4175-b170-3e294f546b5c,1597059728734:6636449c-352e-446c-b615-b8d1248af253,95,"['10', '14', '30', '32', '37', '41', '42', '43', '44', '48', '52', '56', '60', '82', '83', '86', '87', '97', '101', '105', '106', '127', '147', '149', '150', '155', '157', '158', '161', '173', '174', '179', '185', '186', '187', '198', '200', '201', '205', '231', '242', '249', '250', '252', '253', '257', '258', '261', '263', '264', '280', '281', '283', '285', '287', '289', '292', '293', '298', '299', '302', '308', '311', '327', '332', '333', '336', '340', '341', '342', '345', '347', '348', '363', '364', '365', '366', '370', '371', '377', '381', '393', '394', '396', '398', '400', '402', '406', '408', '410', '430', '431', '433', '437', '438']",106,"['0', '1', '17', '18', '19', '20', '21', '22', '23', '24', '33', '34', '93', '107', '108', '109', '111', '112', '115', '116', '117', '118', '119', '120', '122', '123', '124', '172', '188', '189', '190', '191', '192', '216', '217', '218', '219', '220', '221', '222', '223', '234', '235', '236', '237', '238', '239', '240', '241', '256', '265', '266', '269', '270', '271', '272', '273', '274', '275', '276', '277', '278', '279', '290', '304', '305', '306', '307', '317', '318', '319', '320', '321', '322', '323', '356', '357', '358', '359', '360', '361', '372', '373', '384', '386', '387', '388', '389', '390', '391', '392', '403', '415', '416', '417', '418', '419', '420', '421', '422', '423', '424', '425', '426', '428', '429']",95,"['10', '14', '30', '32', '37', '41', '42', '43', '44', '48', '52', '56', '60', '82', '83', '86', '87', '97', '101', '105', '106', '127', '147', '149', '150', '155', '157', '158', '161', '173', '174', '179', '185', '186', '187', '198', '200', '201', '205', '231', '242', '249', '250', '252', '253', '257', '258', '261', '263', '264', '280', '281', '283', '285', '287', '289', '292', '293', '298', '299', '302', '308', '311', '327', '332', '333', '336', '340', '341', '342', '345', '347', '348', '363', '364', '365', '366', '370', '371', '377', '381', '393', '394', '396', '398', '400', '402', '406', '408', '410', '430', '431', '433', '437', '438']"
12,16,"size == ""2""","isEmpty == ""False""","peek_obj_type == ""class java.lang.String""","calledMethod == ""push""","size_p == ""0""","isEmpty_p == ""True""","peek_obj_type_p == ""EmptyObject""","calledMethod_p == ""pop""",Yes,1597059728733:c8b6b625-a815-4f17-964d-c94e5de79d2b,1597059728733:e9e1fcd6-f68d-4e33-950e-62f9316d0912,95,"['10', '14', '30', '32', '37', '41', '42', '43', '44', '48', '52', '56', '60', '82', '83', '86', '87', '97', '101', '105', '106', '127', '147', '149', '150', '155', '157', '158', '161', '173', '174', '179', '185', '186', '187', '198', '200', '201', '205', '231', '242', '249', '250', '252', '253', '257', '258', '261', '263', '264', '280', '281', '283', '285', '287', '289', '292', '293', '298', '299', '302', '308', '311', '327', '332', '333', '336', '340', '341', '342', '345', '347', '348', '363', '364', '365', '366', '370', '371', '377', '381', '393', '394', '396', '398', '400', '402', '406', '408', '410', '430', '431', '433', '437', '438']",87,"['0', '1', '17', '18', '19', '20', '21', '22', '23', '24', '33', '34', '107', '108', '111', '112', '115', '116', '117', '118', '119', '120', '216', '217', '218', '219', '220', '221', '222', '223', '234', '235', '236', '237', '238', '239', '240', '241', '265', '266', '269', '270', '271', '272', '273', '274', '275', '276', '290', '304', '305', '306', '307', '317', '318', '319', '320', '321', '322', '323', '356', '357', '358', '359', '360', '361', '372', '373', '386', '387', '389', '390', '403', '415', '416', '417', '418', '419', '420', '421', '422', '423', '424', '425', '426', '428', '429']",95,"['10', '14', '30', '32', '37', '41', '42', '43', '44', '48', '52', '56', '60', '82', '83', '86', '87', '97', '101', '105', '106', '127', '147', '149', '150', '155', '157', '158', '161', '173', '174', '179', '185', '186', '187', '198', '200', '201', '205', '231', '242', '249', '250', '252', '253', '257', '258', '261', '263', '264', '280', '281', '283', '285', '287', '289', '292', '293', '298', '299', '302', '308', '311', '327', '332', '333', '336', '340', '341', '342', '345', '347', '348', '363', '364', '365', '366', '370', '371', '377', '381', '393', '394', '396', '398', '400', '402', '406', '408', '410', '430', '431', '433', '437', '438']"
13,18,"size == ""2""","isEmpty == ""False""","peek_obj_type == ""class java.lang.Byte""","calledMethod == ""push""","size_p == ""0""","isEmpty_p == ""True""","peek_obj_type_p == ""EmptyObject""","calledMethod_p == ""pop""",Yes,1597059728733:c8b6b625-a815-4f17-964d-c94e5de79d2b,1597059728733:c9c4c45c-c740-43aa-8dec-16470840d6d9,95,"['10', '14', '30', '32', '37', '41', '42', '43', '44', '48', '52', '56', '60', '82', '83', '86', '87', '97', '101', '105', '106', '127', '147', '149', '150', '155', '157', '158', '161', '173', '174', '179', '185', '186', '187', '198', '200', '201', '205', '231', '242', '249', '250', '252', '253', '257', '258', '261', '263', '264', '280', '281', '283', '285', '287', '289', '292', '293', '298', '299', '302', '308', '311', '327', '332', '333', '336', '340', '341', '342', '345', '347', '348', '363', '364', '365', '366', '370', '371', '377', '381', '393', '394', '396', '398', '400', '402', '406', '408', '410', '430', '431', '433', '437', '438']",87,"['0', '1', '17', '18', '19', '20', '21', '22', '23', '24', '33', '34', '107', '108', '111', '112', '115', '116', '117', '118', '119', '120', '216', '217', '218', '219', '220', '221', '222', '223', '234', '235', '236', '237', '238', '239', '240', '241', '265', '266', '269', '270', '271', '272', '273', '274', '275', '276', '290', '304', '305', '306', '307', '317', '318', '319', '320', '321', '322', '323', '356', '357', '358', '359', '360', '361', '372', '373', '386', '387', '389', '390', '403', '415', '416', '417', '418', '419', '420', '421', '422', '423', '424', '425', '426', '428', '429']",95,"['10', '14', '30', '32', '37', '41', '42', '43', '44', '48', '52', '56', '60', '82', '83', '86', '87', '97', '101', '105', '106', '127', '147', '149', '150', '155', '157', '158', '161', '173', '174', '179', '185', '186', '187', '198', '200', '201', '205', '231', '242', '249', '250', '252', '253', '257', '258', '261', '263', '264', '280', '281', '283', '285', '287', '289', '292', '293', '298', '299', '302', '308', '311', '327', '332', '333', '336', '340', '341', '342', '345', '347', '348', '363', '364', '365', '366', '370', '371', '377', '381', '393', '394', '396', '398', '400', '402', '406', '408', '410', '430', '431', '433', '437', '438']"
14,19,"size == ""3""","isEmpty == ""False""","peek_obj_type == ""class java.lang.Byte""","calledMethod == ""push""","size_p == ""2""","isEmpty_p == ""False""","peek_obj_type_p == ""class java.lang.Byte""","calledMethod_p == ""push""",Yes,1597059728733:c8b6b625-a815-4f17-964d-c94e5de79d2b,1597059728733:c9c4c45c-c740-43aa-8dec-16470840d6d9,0,,3,"['183', '184', '290']",0,
15,22,"size == ""3""","isEmpty == ""False""","peek_obj_type == ""class experiment.drivers.AlejaStackTestDriver""","calledMethod == ""push""","size_p == ""2""","isEmpty_p == ""False""","peek_obj_type_p == ""class experiment.drivers.AlejaStackTestDriver""","calledMethod_p == ""push""",Yes,1597059728733:c8b6b625-a815-4f17-964d-c94e5de79d2b,1597059728733:bed95e1b-d024-4776-8fa0-7a6809a2b2a6,0,,3,"['183', '184', '290']",0,
16,23,"size == ""4""","isEmpty == ""False""","peek_obj_type == ""class java.lang.Short""","calledMethod == ""push""","size_p == ""3""","isEmpty_p == ""False""","peek_obj_type_p == ""class experiment.drivers.AlejaStackTestDriver""","calledMethod_p == ""push""",Yes,1597059728733:c8b6b625-a815-4f17-964d-c94e5de79d2b,1597059728733:bed95e1b-d024-4776-8fa0-7a6809a2b2a6,0,,3,"['183', '184', '290']",0,
17,24,"size == ""3""","isEmpty == ""False""","peek_obj_type == ""class experiment.drivers.AlejaStackTestDriver""","calledMethod == ""pop""","size_p == ""4""","isEmpty_p == ""False""","peek_obj_type_p == ""class java.lang.Short""","calledMethod_p == ""push""",Yes,1597059728733:c8b6b625-a815-4f17-964d-c94e5de79d2b,1597059728733:bed95e1b-d024-4776-8fa0-7a6809a2b2a6,0,,3,"['26', '183', '184']",0,
18,27,"size == ""2""","isEmpty == ""False""","peek_obj_type == ""class java.lang.Short""","calledMethod == ""push""","size_p == ""0""","isEmpty_p == ""True""","peek_obj_type_p == ""EmptyObject""","calledMethod_p == ""pop""",Yes,1597059728733:c8b6b625-a815-4f17-964d-c94e5de79d2b,1597059728733:79dc3983-b886-437b-b06c-730038c5ff7f,95,"['10', '14', '30', '32', '37', '41', '42', '43', '44', '48', '52', '56', '60', '82', '83', '86', '87', '97', '101', '105', '106', '127', '147', '149', '150', '155', '157', '158', '161', '173', '174', '179', '185', '186', '187', '198', '200', '201', '205', '231', '242', '249', '250', '252', '253', '257', '258', '261', '263', '264', '280', '281', '283', '285', '287', '289', '292', '293', '298', '299', '302', '308', '311', '327', '332', '333', '336', '340', '341', '342', '345', '347', '348', '363', '364', '365', '366', '370', '371', '377', '381', '393', '394', '396', '398', '400', '402', '406', '408', '410', '430', '431', '433', '437', '438']",87,"['0', '1', '17', '18', '19', '20', '21', '22', '23', '24', '33', '34', '107', '108', '111', '112', '115', '116', '117', '118', '119', '120', '216', '217', '218', '219', '220', '221', '222', '223', '234', '235', '236', '237', '238', '239', '240', '241', '265', '266', '269', '270', '271', '272', '273', '274', '275', '276', '290', '304', '305', '306', '307', '317', '318', '319', '320', '321', '322', '323', '356', '357', '358', '359', '360', '361', '372', '373', '386', '387', '389', '390', '403', '415', '416', '417', '418', '419', '420', '421', '422', '423', '424', '425', '426', '428', '429']",95,"['10', '14', '30', '32', '37', '41', '42', '43', '44', '48', '52', '56', '60', '82', '83', '86', '87', '97', '101', '105', '106', '127', '147', '149', '150', '155', '157', '158', '161', '173', '174', '179', '185', '186', '187', '198', '200', '201', '205', '231', '242', '249', '250', '252', '253', '257', '258', '261', '263', '264', '280', '281', '283', '285', '287', '289', '292', '293', '298', '299', '302', '308', '311', '327', '332', '333', '336', '340', '341', '342', '345', '347', '348', '363', '364', '365', '366', '370', '371', '377', '381', '393', '394', '396', '398', '400', '402', '406', '408', '410', '430', '431', '433', '437', '438']"
19,28,"size == ""3""","isEmpty == ""False""","peek_obj_type == ""class java.lang.Short""","calledMethod == ""push""","size_p == ""2""","isEmpty_p == ""False""","peek_obj_type_p == ""class java.lang.Short""","calledMethod_p == ""push""",Yes,1597059728733:c8b6b625-a815-4f17-964d-c94e5de79d2b,1597059728733:79dc3983-b886-437b-b06c-730038c5ff7f,0,,3,"['183', '184', '290']",0,
20,29,"size == ""5""","isEmpty == ""False""","peek_obj_type == ""class java.lang.Class""","calledMethod == ""push""","size_p == ""4""","isEmpty_p == ""False""","peek_obj_type_p == ""class java.lang.Float""","calledMethod_p == ""push""",Yes,1597059728733:c8b6b625-a815-4f17-964d-c94e5de79d2b,1597059728733:462ce6f8-b849-4312-87c8-35b4cbfc8841,0,,3,"['183', '184', '290']",0,
21,31,"size == ""5""","isEmpty == ""False""","peek_obj_type == ""class experiment.drivers.AlejaStackTestDriver""","calledMethod == ""push""","size_p == ""4""","isEmpty_p == ""False""","peek_obj_type_p == ""class java.lang.Boolean""","calledMethod_p == ""push""",Yes,1597059728733:0bc575c6-7524-4c65-982f-5a8512980145,1597059728733:820e153b-78d3-4294-bd74-73cea6be1dab,0,,3,"['183', '184', '290']",0,
22,32,"size == ""6""","isEmpty == ""False""","peek_obj_type == ""class java.lang.Float""","calledMethod == ""push""","size_p == ""5""","isEmpty_p == ""False""","peek_obj_type_p == ""class experiment.drivers.AlejaStackTestDriver""","calledMethod_p == ""push""",Yes,1597059728733:0bc575c6-7524-4c65-982f-5a8512980145,1597059728733:820e153b-78d3-4294-bd74-73cea6be1dab,0,,5,"['129', '183', '184', '267', '290']",0,
23,35,"size == ""2""","isEmpty == ""False""","peek_obj_type == ""class experiment.drivers.AlejaStackTestDriver""","calledMethod == ""push""",x,x,x,x,Yes,1597059728732:d3cfdd52-cbbe-4c8c-b9fa-333609b2f2d4,1597059728732:ed70de71-d051-4373-bb3f-e5a26c7fa877,0,,1,['290'],0,
24,36,"size == ""2""","isEmpty == ""False""","peek_obj_type == ""class java.lang.Float""","calledMethod == ""pop""","size_p == ""3""","isEmpty_p == ""False""","peek_obj_type_p == ""class java.lang.Float""","calledMethod_p == ""push""",Yes,1597059728732:d3cfdd52-cbbe-4c8c-b9fa-333609b2f2d4,1597059728732:ad344f5e-a2b8-47cb-a9c0-087e9385a0d8,0,,4,"['26', '183', '184', '267']",0,
25,38,"size == ""3""","isEmpty == ""False""","peek_obj_type == ""class java.lang.Float""","calledMethod == ""push""","size_p == ""2""","isEmpty_p == ""False""","peek_obj_type_p == ""class java.lang.Float""","calledMethod_p == ""pop""",Yes,1597059728732:d3cfdd52-cbbe-4c8c-b9fa-333609b2f2d4,1597059728732:060c23e9-809b-4911-add4-6ee5bd24e06c,0,,3,"['129', '267', '290']",0,
26,43,"size == ""2""","isEmpty == ""False""","peek_obj_type == ""class experiment.drivers.AlejaStackTestDriver""","calledMethod == ""push""","size_p == ""0""","isEmpty_p == ""True""","peek_obj_type_p == ""EmptyObject""","calledMethod_p == ""pop""",Yes,1597059728732:49980a46-1f2e-48ce-a292-f3fdc05292ea,1597059728732:db711cfb-acea-4fcb-b165-aa9ed9a1b0d1,95,"['10', '14', '30', '32', '37', '41', '42', '43', '44', '48', '52', '56', '60', '82', '83', '86', '87', '97', '101', '105', '106', '127', '147', '149', '150', '155', '157', '158', '161', '173', '174', '179', '185', '186', '187', '198', '200', '201', '205', '231', '242', '249', '250', '252', '253', '257', '258', '261', '263', '264', '280', '281', '283', '285', '287', '289', '292', '293', '298', '299', '302', '308', '311', '327', '332', '333', '336', '340', '341', '342', '345', '347', '348', '363', '364', '365', '366', '370', '371', '377', '381', '393', '394', '396', '398', '400', '402', '406', '408', '410', '430', '431', '433', '437', '438']",87,"['0', '1', '17', '18', '19', '20', '21', '22', '23', '24', '33', '34', '107', '108', '111', '112', '115', '116', '117', '118', '119', '120', '216', '217', '218', '219', '220', '221', '222', '223', '234', '235', '236', '237', '238', '239', '240', '241', '265', '266', '269', '270', '271', '272', '273', '274', '275', '276', '290', '304', '305', '306', '307', '317', '318', '319', '320', '321', '322', '323', '356', '357', '358', '359', '360', '361', '372', '373', '386', '387', '389', '390', '403', '415', '416', '417', '418', '419', '420', '421', '422', '423', '424', '425', '426', '428', '429']",95,"['10', '14', '30', '32', '37', '41', '42', '43', '44', '48', '52', '56', '60', '82', '83', '86', '87', '97', '101', '105', '106', '127', '147', '149', '150', '155', '157', '158', '161', '173', '174', '179', '185', '186', '187', '198', '200', '201', '205', '231', '242', '249', '250', '252', '253', '257', '258', '261', '263', '264', '280', '281', '283', '285', '287', '289', '292', '293', '298', '299', '302', '308', '311', '327', '332', '333', '336', '340', '341', '342', '345', '347', '348', '363', '364', '365', '366', '370', '371', '377', '381', '393', '394', '396', '398', '400', '402', '406', '408', '410', '430', '431', '433', '437', '438']"
27,44,"size == ""5""","isEmpty == ""False""","peek_obj_type == ""class java.lang.Float""","calledMethod == ""push""","size_p == ""4""","isEmpty_p == ""False""","peek_obj_type_p == ""class java.lang.Short""","calledMethod_p == ""push""",Yes,1597059728731:ebf47e13-f758-46a0-a4b1-2a059448b77f,1597059728731:fab3a02d-1919-496a-bc2f-542a156d4ee8,0,,5,"['129', '183', '184', '267', '290']",0,
28,45,"size == ""4""","isEmpty == ""False""","peek_obj_type == ""class java.lang.Short""","calledMethod == ""pop""","size_p == ""5""","isEmpty_p == ""False""","peek_obj_type_p == ""class java.lang.Float""","calledMethod_p == ""push""",Yes,1597059728731:ebf47e13-f758-46a0-a4b1-2a059448b77f,1597059728731:fab3a02d-1919-496a-bc2f-542a156d4ee8,0,,3,"['26', '183', '184']",0,
29,46,"size == ""5""","isEmpty == ""False""","peek_obj_type == ""class java.lang.Float""","calledMethod == ""push""","size_p == ""4""","isEmpty_p == ""False""","peek_obj_type_p == ""class java.lang.Short""","calledMethod_p == ""pop""",Yes,1597059728731:ebf47e13-f758-46a0-a4b1-2a059448b77f,1597059728731:fab3a02d-1919-496a-bc2f-542a156d4ee8,0,,3,"['129', '267', '290']",0,
30,51,"size == ""5""","isEmpty == ""False""","peek_obj_type == ""class java.lang.Double""","calledMethod == ""push""","size_p == ""4""","isEmpty_p == ""False""","peek_obj_type_p == ""class java.lang.Float""","calledMethod_p == ""push""",Yes,1597059728731:49003649-0560-43c7-8e56-b9d6d1741448,1597059728731:3a5573d5-69cc-4f89-b49a-4bd088b7fa50,0,,3,"['183', '184', '290']",0,
31,52,"size == ""4""","isEmpty == ""False""","peek_obj_type == ""class experiment.drivers.AlejaStackTestDriver""","calledMethod == ""push""","size_p == ""3""","isEmpty_p == ""False""","peek_obj_type_p == ""class java.lang.Float""","calledMethod_p == ""push""",Yes,1597059728730:d3ee54de-3039-467d-a5ed-4e5d674e09a9,1597059728730:38f1902a-bcf3-4f35-9dc6-7ae5bebd3da8,0,,3,"['183', '184', '290']",0,
32,55,"size == ""3""","isEmpty == ""False""","peek_obj_type == ""class java.lang.Float""","calledMethod == ""pop""","size_p == ""4""","isEmpty_p == ""False""","peek_obj_type_p == ""class java.lang.Float""","calledMethod_p == ""push""",Yes,1597059728729:91795ee4-b95a-4b20-81ff-041bd9d95748,1597059728729:6cdff1f5-1007-41ec-a958-f9f4253e65f9,0,,4,"['26', '183', '184', '267']",0,
33,56,"size == ""4""","isEmpty == ""False""","peek_obj_type == ""class java.lang.Float""","calledMethod == ""push""","size_p == ""3""","isEmpty_p == ""False""","peek_obj_type_p == ""class java.lang.Float""","calledMethod_p == ""pop""",Yes,1597059728729:91795ee4-b95a-4b20-81ff-041bd9d95748,1597059728729:6cdff1f5-1007-41ec-a958-f9f4253e65f9,0,,3,"['129', '267', '290']",0,
34,57,"size == ""2""","isEmpty == ""False""","peek_obj_type == ""class java.lang.Object""","calledMethod == ""push""","size_p == ""0""","isEmpty_p == ""True""","peek_obj_type_p == ""EmptyObject""","calledMethod_p == ""clear""",Yes,1597059728729:91795ee4-b95a-4b20-81ff-041bd9d95748,1597059728729:64f6ef2a-ab89-4a70-9c62-3f1e542c754f,95,"['10', '14', '30', '32', '37', '41', '42', '43', '44', '48', '52', '56', '60', '82', '83', '86', '87', '97', '101', '105', '106', '127', '147', '149', '150', '155', '157', '158', '161', '173', '174', '179', '185', '186', '187', '198', '200', '201', '205', '231', '242', '249', '250', '252', '253', '257', '258', '261', '263', '264', '280', '281', '283', '285', '287', '289', '292', '293', '298', '299', '302', '308', '311', '327', '332', '333', '336', '340', '341', '342', '345', '347', '348', '363', '364', '365', '366', '370', '371', '377', '381', '393', '394', '396', '398', '400', '402', '406', '408', '410', '430', '431', '433', '437', '438']",106,"['0', '1', '17', '18', '19', '20', '21', '22', '23', '24', '33', '34', '93', '107', '108', '109', '111', '112', '115', '116', '117', '118', '119', '120', '122', '123', '124', '172', '188', '189', '190', '191', '192', '216', '217', '218', '219', '220', '221', '222', '223', '234', '235', '236', '237', '238', '239', '240', '241', '256', '265', '266', '269', '270', '271', '272', '273', '274', '275', '276', '277', '278', '279', '290', '304', '305', '306', '307', '317', '318', '319', '320', '321', '322', '323', '356', '357', '358', '359', '360', '361', '372', '373', '384', '386', '387', '388', '389', '390', '391', '392', '403', '415', '416', '417', '418', '419', '420', '421', '422', '423', '424', '425', '426', '428', '429']",95,"['10', '14', '30', '32', '37', '41', '42', '43', '44', '48', '52', '56', '60', '82', '83', '86', '87', '97', '101', '105', '106', '127', '147', '149', '150', '155', '157', '158', '161', '173', '174', '179', '185', '186', '187', '198', '200', '201', '205', '231', '242', '249', '250', '252', '253', '257', '258', '261', '263', '264', '280', '281', '283', '285', '287', '289', '292', '293', '298', '299', '302', '308', '311', '327', '332', '333', '336', '340', '341', '342', '345', '347', '348', '363', '364', '365', '366', '370', '371', '377', '381', '393', '394', '396', '398', '400', '402', '406', '408', '410', '430', '431', '433', '437', '438']"
35,59,"size == ""2""","isEmpty == ""False""","peek_obj_type == ""class java.lang.Byte""","calledMethod == ""pop""","size_p == ""3""","isEmpty_p == ""False""","peek_obj_type_p == ""class java.lang.Byte""","calledMethod_p == ""push""",Yes,1597059728728:f845ac5e-3d8f-464c-93b8-0c71fe7060ec,1597059728728:0bae89c5-c046-4271-b160-a48342af147c,0,,3,"['26', '183', '184']",0,
36,61,"size == ""2""","isEmpty == ""False""","peek_obj_type == ""class experiment.drivers.AlejaStackTestDriver""","calledMethod == ""pop""","size_p == ""3""","isEmpty_p == ""False""","peek_obj_type_p == ""class experiment.drivers.AlejaStackTestDriver""","calledMethod_p == ""push""",Yes,1597059728728:a1a756dc-2129-4534-91a6-f4f4ca6d4d77,1597059728728:1502bdd8-b98e-475a-ac68-1f0de09aef10,0,,3,"['26', '183', '184']",0,
37,63,"size == ""3""","isEmpty == ""False""","peek_obj_type == ""class java.lang.String""","calledMethod == ""push""","size_p == ""2""","isEmpty_p == ""False""","peek_obj_type_p == ""class java.lang.String""","calledMethod_p == ""push""",Yes,1597059728727:20d26b75-56e6-43a5-9d89-ae92c7fa5684,1597059728727:904e60ff-f3c3-4055-b197-241303ab4cb3,0,,3,"['183', '184', '290']",0,
38,64,"size == ""4""","isEmpty == ""False""","peek_obj_type == ""class java.lang.Float""","calledMethod == ""push""","size_p == ""3""","isEmpty_p == ""False""","peek_obj_type_p == ""class java.lang.Short""","calledMethod_p == ""push""",Yes,1597059728727:20d26b75-56e6-43a5-9d89-ae92c7fa5684,1597059728727:7b83e80b-3f1e-44de-ac1c-48cea3158efc,0,,5,"['129', '183', '184', '267', '290']",0,
39,65,"size == ""5""","isEmpty == ""False""","peek_obj_type == ""class java.lang.Byte""","calledMethod == ""push""","size_p == ""4""","isEmpty_p == ""False""","peek_obj_type_p == ""class experiment.drivers.AlejaStackTestDriver""","calledMethod_p == ""push""",Yes,1597059728727:20d26b75-56e6-43a5-9d89-ae92c7fa5684,1597059728727:2779bd41-aa3f-4699-9359-062c01dec6d9,0,,3,"['183', '184', '290']",0,
40,66,"size == ""4""","isEmpty == ""False""","peek_obj_type == ""class experiment.drivers.AlejaStackTestDriver""","calledMethod == ""pop""","size_p == ""5""","isEmpty_p == ""False""","peek_obj_type_p == ""class java.lang.Byte""","calledMethod_p == ""push""",Yes,1597059728727:20d26b75-56e6-43a5-9d89-ae92c7fa5684,1597059728727:2779bd41-aa3f-4699-9359-062c01dec6d9,0,,3,"['26', '183', '184']",0,
41,67,"size == ""3""","isEmpty == ""False""","peek_obj_type == ""class java.lang.Float""","calledMethod == ""pop""","size_p == ""4""","isEmpty_p == ""False""","peek_obj_type_p == ""class experiment.drivers.AlejaStackTestDriver""","calledMethod_p == ""pop""",Yes,1597059728727:20d26b75-56e6-43a5-9d89-ae92c7fa5684,1597059728727:2779bd41-aa3f-4699-9359-062c01dec6d9,0,,1,['267'],0,
42,70,"size == ""4""","isEmpty == ""False""","peek_obj_type == ""class java.lang.Double""","calledMethod == ""push""","size_p == ""3""","isEmpty_p == ""False""","peek_obj_type_p == ""class java.lang.Short""","calledMethod_p == ""push""",Yes,1597059728726:e74bb69e-3631-463f-8ff7-9812260178db,1597059728726:3c69a7bf-8cbf-4ec2-8ff9-7ddaf0a94e67,0,,3,"['183', '184', '290']",0,
43,71,"size == ""5""","isEmpty == ""False""","peek_obj_type == ""class java.lang.Boolean""","calledMethod == ""push""","size_p == ""4""","isEmpty_p == ""False""","peek_obj_type_p == ""class java.lang.Double""","calledMethod_p == ""push""",Yes,1597059728726:e74bb69e-3631-463f-8ff7-9812260178db,1597059728726:3c69a7bf-8cbf-4ec2-8ff9-7ddaf0a94e67,0,,3,"['183', '184', '290']",0,
44,72,"size == ""6""","isEmpty == ""False""","peek_obj_type == ""class experiment.drivers.AlejaStackTestDriver""","calledMethod == ""push""","size_p == ""5""","isEmpty_p == ""False""","peek_obj_type_p == ""class java.lang.Boolean""","calledMethod_p == ""push""",Yes,1597059728726:e74bb69e-3631-463f-8ff7-9812260178db,1597059728726:3c69a7bf-8cbf-4ec2-8ff9-7ddaf0a94e67,0,,3,"['183', '184', '290']",0,
45,75,"size == ""4""","isEmpty == ""False""","peek_obj_type == ""class java.lang.Float""","calledMethod == ""pop""","size_p == ""5""","isEmpty_p == ""False""","peek_obj_type_p == ""class java.lang.Class""","calledMethod_p == ""push""",Yes,1597059728725:372c3f64-e04c-4dbf-a1a2-76c8276fd00b,1597059728725:2207b4ff-01a6-497b-957c-8403ee20039a,0,,4,"['26', '183', '184', '267']",0,
46,76,"size == ""3""","isEmpty == ""False""","peek_obj_type == ""class java.lang.Float""","calledMethod == ""pop""","size_p == ""4""","isEmpty_p == ""False""","peek_obj_type_p == ""class java.lang.Float""","calledMethod_p == ""pop""",Yes,1597059728725:372c3f64-e04c-4dbf-a1a2-76c8276fd00b,1597059728725:2207b4ff-01a6-497b-957c-8403ee20039a,0,,1,['267'],0,
47,78,"size == ""2""","isEmpty == ""False""","peek_obj_type == ""class java.lang.String""","calledMethod == ""push""","size_p == ""0""","isEmpty_p == ""True""","peek_obj_type_p == ""EmptyObject""","calledMethod_p == ""clear""",Yes,1597059728723:e50baaae-3d85-4347-bd4d-60c852349bc8,1597059728723:2d755be8-ddbb-4202-a3b3-f904e51d6674,95,"['10', '14', '30', '32', '37', '41', '42', '43', '44', '48', '52', '56', '60', '82', '83', '86', '87', '97', '101', '105', '106', '127', '147', '149', '150', '155', '157', '158', '161', '173', '174', '179', '185', '186', '187', '198', '200', '201', '205', '231', '242', '249', '250', '252', '253', '257', '258', '261', '263', '264', '280', '281', '283', '285', '287', '289', '292', '293', '298', '299', '302', '308', '311', '327', '332', '333', '336', '340', '341', '342', '345', '347', '348', '363', '364', '365', '366', '370', '371', '377', '381', '393', '394', '396', '398', '400', '402', '406', '408', '410', '430', '431', '433', '437', '438']",106,"['0', '1', '17', '18', '19', '20', '21', '22', '23', '24', '33', '34', '93', '107', '108', '109', '111', '112', '115', '116', '117', '118', '119', '120', '122', '123', '124', '172', '188', '189', '190', '191', '192', '216', '217', '218', '219', '220', '221', '222', '223', '234', '235', '236', '237', '238', '239', '240', '241', '256', '265', '266', '269', '270', '271', '272', '273', '274', '275', '276', '277', '278', '279', '290', '304', '305', '306', '307', '317', '318', '319', '320', '321', '322', '323', '356', '357', '358', '359', '360', '361', '372', '373', '384', '386', '387', '388', '389', '390', '391', '392', '403', '415', '416', '417', '418', '419', '420', '421', '422', '423', '424', '425', '426', '428', '429']",95,"['10', '14', '30', '32', '37', '41', '42', '43', '44', '48', '52', '56', '60', '82', '83', '86', '87', '97', '101', '105', '106', '127', '147', '149', '150', '155', '157', '158', '161', '173', '174', '179', '185', '186', '187', '198', '200', '201', '205', '231', '242', '249', '250', '252', '253', '257', '258', '261', '263', '264', '280', '281', '283', '285', '287', '289', '292', '293', '298', '299', '302', '308', '311', '327', '332', '333', '336', '340', '341', '342', '345', '347', '348', '363', '364', '365', '366', '370', '371', '377', '381', '393', '394', '396', '398', '400', '402', '406', '408', '410', '430', '431', '433', '437', '438']"
48,80,"size == ""4""","isEmpty == ""False""","peek_obj_type == ""class java.lang.Long""","calledMethod == ""push""","size_p == ""3""","isEmpty_p == ""False""","peek_obj_type_p == ""class java.lang.String""","calledMethod_p == ""push""",Yes,1597059728722:11deaec1-16b3-4c55-a2dc-f769021fc29a,1597059728722:470d730a-ff53-4fbd-8f24-9d10c9278d96,0,,3,"['183', '184', '290']",0,
49,81,"size == ""5""","isEmpty == ""False""","peek_obj_type == ""class java.lang.Integer""","calledMethod == ""push""","size_p == ""4""","isEmpty_p == ""False""","peek_obj_type_p == ""class java.lang.Long""","calledMethod_p == ""push""",Yes,1597059728722:11deaec1-16b3-4c55-a2dc-f769021fc29a,1597059728722:470d730a-ff53-4fbd-8f24-9d10c9278d96,0,,3,"['183', '184', '290']",0,
50,82,"size == ""3""","isEmpty == ""False""","peek_obj_type == ""class java.lang.Class""","calledMethod == ""push""","size_p == ""2""","isEmpty_p == ""False""","peek_obj_type_p == ""class java.lang.Class""","calledMethod_p == ""push""",Yes,1597059728722:11deaec1-16b3-4c55-a2dc-f769021fc29a,1597059728722:3f273ace-59b3-4b3f-a416-0b0b254533dd,0,,3,"['183', '184', '290']",0,
51,85,"size == ""5""","isEmpty == ""False""","peek_obj_type == ""class experiment.drivers.AlejaStackTestDriver""","calledMethod == ""push""","size_p == ""4""","isEmpty_p == ""False""","peek_obj_type_p == ""class java.lang.Float""","calledMethod_p == ""push""",Yes,1597059728721:297b93ae-d54c-49e8-9162-9645e3d97651,1597059728721:4d6c95a2-9659-427e-bdb6-e46ae228b63f,0,,3,"['183', '184', '290']",0,
52,87,"size == ""4""","isEmpty == ""False""","peek_obj_type == ""class experiment.drivers.AlejaStackTestDriver""","calledMethod == ""push""","size_p == ""3""","isEmpty_p == ""False""","peek_obj_type_p == ""class java.lang.Long""","calledMethod_p == ""push""",Yes,1597059728719:44d1275f-59b4-4a9e-b25c-8ccc0814af62,1597059728719:e16c8d19-47cf-411a-a1d8-cba83fc514f5,0,,3,"['183', '184', '290']",0,
53,89,"size == ""4""","isEmpty == ""False""","peek_obj_type == ""class java.lang.Long""","calledMethod == ""push""","size_p == ""3""","isEmpty_p == ""False""","peek_obj_type_p == ""class java.lang.Float""","calledMethod_p == ""push""",Yes,1597059728719:44d1275f-59b4-4a9e-b25c-8ccc0814af62,1597059728719:102f1506-51b9-410e-99c6-cab9e158ada4,0,,3,"['183', '184', '290']",0,
54,90,"size == ""6""","isEmpty == ""False""","peek_obj_type == ""class java.lang.Short""","calledMethod == ""push""","size_p == ""5""","isEmpty_p == ""False""","peek_obj_type_p == ""class experiment.drivers.AlejaStackTestDriver""","calledMethod_p == ""push""",Yes,1597059728718:d69afb08-d83a-48eb-8eb3-c90d652d8a09,1597059728718:ff664087-038d-4b5e-bc82-6ae6fdcb2401,0,,3,"['183', '184', '290']",0,
55,91,"size == ""7""","isEmpty == ""False""","peek_obj_type == ""class experiment.drivers.AlejaStackTestDriver""","calledMethod == ""push""","size_p == ""6""","isEmpty_p == ""False""","peek_obj_type_p == ""class java.lang.Short""","calledMethod_p == ""push""",Yes,1597059728718:d69afb08-d83a-48eb-8eb3-c90d652d8a09,1597059728718:ff664087-038d-4b5e-bc82-6ae6fdcb2401,0,,3,"['183', '184', '290']",0,
56,93,"size == ""2""","isEmpty == ""False""","peek_obj_type == ""class java.lang.Long""","calledMethod == ""push""","size_p == ""0""","isEmpty_p == ""True""","peek_obj_type_p == ""EmptyObject""","calledMethod_p == ""pop""",Yes,1597059728718:d69afb08-d83a-48eb-8eb3-c90d652d8a09,1597059728718:934ab721-9831-4b58-80b7-1dd4287e5cd4,95,"['10', '14', '30', '32', '37', '41', '42', '43', '44', '48', '52', '56', '60', '82', '83', '86', '87', '97', '101', '105', '106', '127', '147', '149', '150', '155', '157', '158', '161', '173', '174', '179', '185', '186', '187', '198', '200', '201', '205', '231', '242', '249', '250', '252', '253', '257', '258', '261', '263', '264', '280', '281', '283', '285', '287', '289', '292', '293', '298', '299', '302', '308', '311', '327', '332', '333', '336', '340', '341', '342', '345', '347', '348', '363', '364', '365', '366', '370', '371', '377', '381', '393', '394', '396', '398', '400', '402', '406', '408', '410', '430', '431', '433', '437', '438']",87,"['0', '1', '17', '18', '19', '20', '21', '22', '23', '24', '33', '34', '107', '108', '111', '112', '115', '116', '117', '118', '119', '120', '216', '217', '218', '219', '220', '221', '222', '223', '234', '235', '236', '237', '238', '239', '240', '241', '265', '266', '269', '270', '271', '272', '273', '274', '275', '276', '290', '304', '305', '306', '307', '317', '318', '319', '320', '321', '322', '323', '356', '357', '358', '359', '360', '361', '372', '373', '386', '387', '389', '390', '403', '415', '416', '417', '418', '419', '420', '421', '422', '423', '424', '425', '426', '428', '429']",95,"['10', '14', '30', '32', '37', '41', '42', '43', '44', '48', '52', '56', '60', '82', '83', '86', '87', '97', '101', '105', '106', '127', '147', '149', '150', '155', '157', '158', '161', '173', '174', '179', '185', '186', '187', '198', '200', '201', '205', '231', '242', '249', '250', '252', '253', '257', '258', '261', '263', '264', '280', '281', '283', '285', '287', '289', '292', '293', '298', '299', '302', '308', '311', '327', '332', '333', '336', '340', '341', '342', '345', '347', '348', '363', '364', '365', '366', '370', '371', '377', '381', '393', '394', '396', '398', '400', '402', '406', '408', '410', '430', '431', '433', '437', '438']"
57,95,"size == ""3""","isEmpty == ""False""","peek_obj_type == ""class java.lang.Byte""","calledMethod == ""push""","size_p == ""2""","isEmpty_p == ""False""","peek_obj_type_p == ""class java.lang.Byte""","calledMethod_p == ""pop""",Yes,1597059728717:57e851e1-d0be-4568-9815-1361630871da,1597059728717:56054d4d-4db8-4e4b-a227-7ad6ee5a86b0,0,,1,['290'],0,
58,99,"size == ""3""","isEmpty == ""False""","peek_obj_type == ""class java.lang.Short""","calledMethod == ""pop""","size_p == ""4""","isEmpty_p == ""False""","peek_obj_type_p == ""class java.lang.Double""","calledMethod_p == ""push""",Yes,1597059728714:f8350af7-e7ec-496a-b0ea-f6f2e940d9e3,1597059728714:ac571827-cfdd-451a-b09d-9d2caf45804e,0,,3,"['26', '183', '184']",0,
59,101,"size == ""4""","isEmpty == ""False""","peek_obj_type == ""class java.lang.Boolean""","calledMethod == ""push""","size_p == ""3""","isEmpty_p == ""False""","peek_obj_type_p == ""class java.lang.Long""","calledMethod_p == ""pop""",Yes,1597059728714:f8350af7-e7ec-496a-b0ea-f6f2e940d9e3,1597059728714:0fc12b07-adbe-4e11-b841-279ece5f50fb,0,,1,['290'],0,
60,102,"size == ""4""","isEmpty == ""False""","peek_obj_type == ""class java.lang.Double""","calledMethod == ""push""","size_p == ""3""","isEmpty_p == ""False""","peek_obj_type_p == ""class java.lang.Short""","calledMethod_p == ""pop""",Yes,1597059728714:e7e87dec-3d0d-4c7c-b523-26257a98ea36,1597059728715:af8ea297-cc66-4e2b-b06b-78170d264988,0,,1,['290'],0,
61,103,"size == ""2""","isEmpty == ""False""","peek_obj_type == ""class java.lang.Short""","calledMethod == ""pop""","size_p == ""3""","isEmpty_p == ""False""","peek_obj_type_p == ""class java.lang.Short""","calledMethod_p == ""push""",Yes,1597059728714:50dd5dc5-b709-4469-ac7c-c1a40c2fa9a0,1597059728714:b9efc0cd-5543-406b-b46e-1a4bf380552b,0,,3,"['26', '183', '184']",0,
62,104,"size == ""2""","isEmpty == ""False""","peek_obj_type == ""class java.lang.Float""","calledMethod == ""push""","size_p == ""0""","isEmpty_p == ""True""","peek_obj_type_p == ""EmptyObject""","calledMethod_p == ""clear""",Yes,1597059728714:50dd5dc5-b709-4469-ac7c-c1a40c2fa9a0,1597059728714:8ebe54df-fcb4-44b6-b73c-9211e458bfa8,95,"['10', '14', '30', '32', '37', '41', '42', '43', '44', '48', '52', '56', '60', '82', '83', '86', '87', '97', '101', '105', '106', '127', '147', '149', '150', '155', '157', '158', '161', '173', '174', '179', '185', '186', '187', '198', '200', '201', '205', '231', '242', '249', '250', '252', '253', '257', '258', '261', '263', '264', '280', '281', '283', '285', '287', '289', '292', '293', '298', '299', '302', '308', '311', '327', '332', '333', '336', '340', '341', '342', '345', '347', '348', '363', '364', '365', '366', '370', '371', '377', '381', '393', '394', '396', '398', '400', '402', '406', '408', '410', '430', '431', '433', '437', '438']",108,"['0', '1', '17', '18', '19', '20', '21', '22', '23', '24', '33', '34', '93', '107', '108', '109', '111', '112', '115', '116', '117', '118', '119', '120', '122', '123', '124', '129', '172', '188', '189', '190', '191', '192', '216', '217', '218', '219', '220', '221', '222', '223', '234', '235', '236', '237', '238', '239', '240', '241', '256', '265', '266', '267', '269', '270', '271', '272', '273', '274', '275', '276', '277', '278', '279', '290', '304', '305', '306', '307', '317', '318', '319', '320', '321', '322', '323', '356', '357', '358', '359', '360', '361', '372', '373', '384', '386', '387', '388', '389', '390', '391', '392', '403', '415', '416', '417', '418', '419', '420', '421', '422', '423', '424', '425', '426', '428', '429']",95,"['10', '14', '30', '32', '37', '41', '42', '43', '44', '48', '52', '56', '60', '82', '83', '86', '87', '97', '101', '105', '106', '127', '147', '149', '150', '155', '157', '158', '161', '173', '174', '179', '185', '186', '187', '198', '200', '201', '205', '231', '242', '249', '250', '252', '253', '257', '258', '261', '263', '264', '280', '281', '283', '285', '287', '289', '292', '293', '298', '299', '302', '308', '311', '327', '332', '333', '336', '340', '341', '342', '345', '347', '348', '363', '364', '365', '366', '370', '371', '377', '381', '393', '394', '396', '398', '400', '402', '406', '408', '410', '430', '431', '433', '437', '438']"
63,106,"size == ""2""","isEmpty == ""False""","peek_obj_type == ""class java.lang.Class""","calledMethod == ""push""","size_p == ""0""","isEmpty_p == ""True""","peek_obj_type_p == ""EmptyObject""","calledMethod_p == ""pop""",Yes,1597059728713:64b3cfc0-a9db-4049-9fdd-e1adc74b2765,1597059728713:fb6becde-ba8a-4b40-921a-aa6832b04ca0,95,"['10', '14', '30', '32', '37', '41', '42', '43', '44', '48', '52', '56', '60', '82', '83', '86', '87', '97', '101', '105', '106', '127', '147', '149', '150', '155', '157', '158', '161', '173', '174', '179', '185', '186', '187', '198', '200', '201', '205', '231', '242', '249', '250', '252', '253', '257', '258', '261', '263', '264', '280', '281', '283', '285', '287', '289', '292', '293', '298', '299', '302', '308', '311', '327', '332', '333', '336', '340', '341', '342', '345', '347', '348', '363', '364', '365', '366', '370', '371', '377', '381', '393', '394', '396', '398', '400', '402', '406', '408', '410', '430', '431', '433', '437', '438']",87,"['0', '1', '17', '18', '19', '20', '21', '22', '23', '24', '33', '34', '107', '108', '111', '112', '115', '116', '117', '118', '119', '120', '216', '217', '218', '219', '220', '221', '222', '223', '234', '235', '236', '237', '238', '239', '240', '241', '265', '266', '269', '270', '271', '272', '273', '274', '275', '276', '290', '304', '305', '306', '307', '317', '318', '319', '320', '321', '322', '323', '356', '357', '358', '359', '360', '361', '372', '373', '386', '387', '389', '390', '403', '415', '416', '417', '418', '419', '420', '421', '422', '423', '424', '425', '426', '428', '429']",95,"['10', '14', '30', '32', '37', '41', '42', '43', '44', '48', '52', '56', '60', '82', '83', '86', '87', '97', '101', '105', '106', '127', '147', '149', '150', '155', '157', '158', '161', '173', '174', '179', '185', '186', '187', '198', '200', '201', '205', '231', '242', '249', '250', '252', '253', '257', '258', '261', '263', '264', '280', '281', '283', '285', '287', '289', '292', '293', '298', '299', '302', '308', '311', '327', '332', '333', '336', '340', '341', '342', '345', '347', '348', '363', '364', '365', '366', '370', '371', '377', '381', '393', '394', '396', '398', '400', '402', '406', '408', '410', '430', '431', '433', '437', '438']"
64,107,"size == ""4""","isEmpty == ""False""","peek_obj_type == ""class java.lang.Boolean""","calledMethod == ""pop""","size_p == ""5""","isEmpty_p == ""False""","peek_obj_type_p == ""class experiment.drivers.AlejaStackTestDriver""","calledMethod_p == ""push""",Yes,1597059728712:d33c09db-fc44-48f7-973b-86336a304222,1597059728712:09fedefb-9db5-46e4-b0e3-5b20a1ef80c3,0,,3,"['26', '183', '184']",0,
65,108,"size == ""5""","isEmpty == ""False""","peek_obj_type == ""class experiment.drivers.AlejaStackTestDriver""","calledMethod == ""push""","size_p == ""4""","isEmpty_p == ""False""","peek_obj_type_p == ""class java.lang.Boolean""","calledMethod_p == ""pop""",Yes,1597059728712:d33c09db-fc44-48f7-973b-86336a304222,1597059728712:09fedefb-9db5-46e4-b0e3-5b20a1ef80c3,0,,1,['290'],0,
66,109,"size == ""2""","isEmpty == ""False""","peek_obj_type == ""class java.lang.Class""","calledMethod == ""pop""","size_p == ""3""","isEmpty_p == ""False""","peek_obj_type_p == ""class java.lang.Class""","calledMethod_p == ""push""",Yes,1597059728712:a4e2059a-ed04-4fb1-a079-ccec8a8e3a44,1597059728712:29ee18fc-866b-4b24-927c-0ab0e7b23198,0,,3,"['26', '183', '184']",0,
67,112,"size == ""4""","isEmpty == ""False""","peek_obj_type == ""class java.lang.Short""","calledMethod == ""push""","size_p == ""3""","isEmpty_p == ""False""","peek_obj_type_p == ""class experiment.drivers.AlejaStackTestDriver""","calledMethod_p == ""pop""",Yes,1597059728709:f42cf4f6-ac96-4537-868b-37f5896b2ed0,1597059728709:bda0adc4-96a2-4cbb-902b-1c2e1f4340ad,0,,1,['290'],0,
68,113,"size == ""4""","isEmpty == ""False""","peek_obj_type == ""class java.lang.Class""","calledMethod == ""push""","size_p == ""3""","isEmpty_p == ""False""","peek_obj_type_p == ""class experiment.drivers.AlejaStackTestDriver""","calledMethod_p == ""push""",Yes,1597059728708:606f56b6-3913-4dc0-b002-52dc3a42d412,1597059728708:be469af1-3075-4fe1-9cb0-ce1413205bf3,0,,3,"['183', '184', '290']",0,
69,114,"size == ""2""","isEmpty == ""False""","peek_obj_type == ""class java.lang.Float""","calledMethod == ""pop""","size_p == ""3""","isEmpty_p == ""False""","peek_obj_type_p == ""class java.lang.Float""","calledMethod_p == ""pop""",Yes,1597059728708:58381776-ce39-4b14-b276-2c3d4b7fddc8,1597059728708:97657ff2-5fc8-49f1-861b-146a7ab45b98,0,,1,['267'],0,
70,115,"size == ""3""","isEmpty == ""False""","peek_obj_type == ""class experiment.drivers.AlejaStackTestDriver""","calledMethod == ""pop""","size_p == ""4""","isEmpty_p == ""False""","peek_obj_type_p == ""class java.lang.Short""","calledMethod_p == ""pop""",Yes,1597059728707:c7d3e36f-13d0-4d2f-b648-7b84bf57c5d4,1597059728707:c816cc7c-5479-4765-90c8-a12b496e14eb,0,,0,,0,
71,117,"size == ""3""","isEmpty == ""False""","peek_obj_type == ""class java.lang.Float""","calledMethod == ""pop""","size_p == ""4""","isEmpty_p == ""False""","peek_obj_type_p == ""class experiment.drivers.AlejaStackTestDriver""","calledMethod_p == ""push""",Yes,1597059728704:dec61a4e-3f31-4fa0-a359-b9aff5f34560,1597059728704:6ebcc997-253d-4b78-a683-ec485888a7db,0,,4,"['26', '183', '184', '267']",0,
72,118,"size == ""3""","isEmpty == ""False""","peek_obj_type == ""class java.lang.Short""","calledMethod == ""pop""","size_p == ""4""","isEmpty_p == ""False""","peek_obj_type_p == ""class java.lang.Float""","calledMethod_p == ""push""",Yes,1597059728699:e48b938c-86e2-4b79-8a56-e599a20b38f1,1597059728699:56a99989-5b78-4c3a-a1dd-8f8bcbac2d25,0,,3,"['26', '183', '184']",0,
73,120,"size == ""4""","isEmpty == ""False""","peek_obj_type == ""class java.lang.Float""","calledMethod == ""push""","size_p == ""3""","isEmpty_p == ""False""","peek_obj_type_p == ""class java.lang.Byte""","calledMethod_p == ""push""",Yes,1597059728698:12c6fd47-25b2-4754-85a7-adbb781fd060,1597059728698:705b768c-86af-430e-b151-906de4018733,0,,5,"['129', '183', '184', '267', '290']",0,
74,121,"size == ""2""","isEmpty == ""False""","peek_obj_type == ""class java.lang.Double""","calledMethod == ""push""","size_p == ""0""","isEmpty_p == ""True""","peek_obj_type_p == ""EmptyObject""","calledMethod_p == ""clear""",Yes,1597059728696:c23285c7-9b14-4694-8245-eb60b3ea3f79,1597059728696:bf779854-498e-49b3-982b-2dc5dea451da,95,"['10', '14', '30', '32', '37', '41', '42', '43', '44', '48', '52', '56', '60', '82', '83', '86', '87', '97', '101', '105', '106', '127', '147', '149', '150', '155', '157', '158', '161', '173', '174', '179', '185', '186', '187', '198', '200', '201', '205', '231', '242', '249', '250', '252', '253', '257', '258', '261', '263', '264', '280', '281', '283', '285', '287', '289', '292', '293', '298', '299', '302', '308', '311', '327', '332', '333', '336', '340', '341', '342', '345', '347', '348', '363', '364', '365', '366', '370', '371', '377', '381', '393', '394', '396', '398', '400', '402', '406', '408', '410', '430', '431', '433', '437', '438']",106,"['0', '1', '17', '18', '19', '20', '21', '22', '23', '24', '33', '34', '93', '107', '108', '109', '111', '112', '115', '116', '117', '118', '119', '120', '122', '123', '124', '172', '188', '189', '190', '191', '192', '216', '217', '218', '219', '220', '221', '222', '223', '234', '235', '236', '237', '238', '239', '240', '241', '256', '265', '266', '269', '270', '271', '272', '273', '274', '275', '276', '277', '278', '279', '290', '304', '305', '306', '307', '317', '318', '319', '320', '321', '322', '323', '356', '357', '358', '359', '360', '361', '372', '373', '384', '386', '387', '388', '389', '390', '391', '392', '403', '415', '416', '417', '418', '419', '420', '421', '422', '423', '424', '425', '426', '428', '429']",95,"['10', '14', '30', '32', '37', '41', '42', '43', '44', '48', '52', '56', '60', '82', '83', '86', '87', '97', '101', '105', '106', '127', '147', '149', '150', '155', '157', '158', '161', '173', '174', '179', '185', '186', '187', '198', '200', '201', '205', '231', '242', '249', '250', '252', '253', '257', '258', '261', '263', '264', '280', '281', '283', '285', '287', '289', '292', '293', '298', '299', '302', '308', '311', '327', '332', '333', '336', '340', '341', '342', '345', '347', '348', '363', '364', '365', '366', '370', '371', '377', '381', '393', '394', '396', '398', '400', '402', '406', '408', '410', '430', '431', '433', '437', '438']"
75,122,"size == ""3""","isEmpty == ""False""","peek_obj_type == ""class java.lang.Double""","calledMethod == ""push""","size_p == ""2""","isEmpty_p == ""False""","peek_obj_type_p == ""class java.lang.Double""","calledMethod_p == ""push""",Yes,1597059728696:c23285c7-9b14-4694-8245-eb60b3ea3f79,1597059728696:bf779854-498e-49b3-982b-2dc5dea451da,0,,3,"['183', '184', '290']",0,
76,123,"size == ""4""","isEmpty == ""False""","peek_obj_type == ""class experiment.drivers.AlejaStackTestDriver""","calledMethod == ""push""","size_p == ""3""","isEmpty_p == ""False""","peek_obj_type_p == ""class java.lang.Double""","calledMethod_p == ""push""",Yes,1597059728696:c23285c7-9b14-4694-8245-eb60b3ea3f79,1597059728696:bf779854-498e-49b3-982b-2dc5dea451da,0,,3,"['183', '184', '290']",0,
77,125,"size == ""3""","isEmpty == ""False""","peek_obj_type == ""class java.lang.String""","calledMethod == ""pop""","size_p == ""4""","isEmpty_p == ""False""","peek_obj_type_p == ""class java.lang.Long""","calledMethod_p == ""push""",Yes,1597059728689:c3e59927-395c-40ae-a8bb-cf9a5358d297,1597059728689:64008954-baf2-40c8-b3f6-baf715e018f1,0,,3,"['26', '183', '184']",0,
78,127,"size == ""5""","isEmpty == ""False""","peek_obj_type == ""class java.lang.Class""","calledMethod == ""push""","size_p == ""4""","isEmpty_p == ""False""","peek_obj_type_p == ""class java.lang.Float""","calledMethod_p == ""pop""",Yes,1597059728689:c3e59927-395c-40ae-a8bb-cf9a5358d297,1597059728689:48ddfaa7-b35e-49b1-8659-8f7aa84ab141,0,,1,['290'],0,
79,130,"size == ""6""","isEmpty == ""False""","peek_obj_type == ""class java.lang.Float""","calledMethod == ""push""","size_p == ""5""","isEmpty_p == ""False""","peek_obj_type_p == ""class java.lang.Class""","calledMethod_p == ""push""",Yes,1597059728689:a5641712-c576-480d-842a-58c0ad1ceb64,1597059728689:9e1f8b22-991b-4c35-aef1-ac124b8dfe32,0,,5,"['129', '183', '184', '267', '290']",0,
80,131,"size == ""7""","isEmpty == ""False""","peek_obj_type == ""class experiment.drivers.AlejaStackTestDriver""","calledMethod == ""push""","size_p == ""6""","isEmpty_p == ""False""","peek_obj_type_p == ""class java.lang.Float""","calledMethod_p == ""push""",Yes,1597059728689:a5641712-c576-480d-842a-58c0ad1ceb64,1597059728689:9e1f8b22-991b-4c35-aef1-ac124b8dfe32,0,,3,"['183', '184', '290']",0,
81,132,"size == ""6""","isEmpty == ""False""","peek_obj_type == ""class java.lang.Float""","calledMethod == ""pop""","size_p == ""7""","isEmpty_p == ""False""","peek_obj_type_p == ""class experiment.drivers.AlejaStackTestDriver""","calledMethod_p == ""push""",Yes,1597059728689:a5641712-c576-480d-842a-58c0ad1ceb64,1597059728689:9e1f8b22-991b-4c35-aef1-ac124b8dfe32,0,,4,"['26', '183', '184', '267']",0,
82,133,"size == ""2""","isEmpty == ""False""","peek_obj_type == ""class java.lang.Short""","calledMethod == ""pop""","size_p == ""3""","isEmpty_p == ""False""","peek_obj_type_p == ""class java.lang.Short""","calledMethod_p == ""pop""",Yes,1597059728687:bdc5a341-856a-4dfd-87e7-9c96c8748b75,1597059728687:696cf691-fb0a-41f1-b1a4-4f34cfaac50e,0,,0,,0,
83,134,"size == ""3""","isEmpty == ""False""","peek_obj_type == ""class experiment.drivers.AlejaStackTestDriver""","calledMethod == ""pop""","size_p == ""4""","isEmpty_p == ""False""","peek_obj_type_p == ""class java.lang.Class""","calledMethod_p == ""push""",Yes,1597059728686:d2a97d8d-d0e6-4cc1-ac68-1b09e5b9806b,1597059728686:1be4d321-6305-490a-aee1-105f235de274,0,,3,"['26', '183', '184']",0,
84,136,"size == ""2""","isEmpty == ""False""","peek_obj_type == ""class java.lang.Integer""","calledMethod == ""push""","size_p == ""0""","isEmpty_p == ""True""","peek_obj_type_p == ""EmptyObject""","calledMethod_p == ""clear""",Yes,1597059728682:b2dfcb36-b874-4d8d-af59-1ccc2eef54c9,1597059728683:6e0d6cfb-418b-431e-ba81-9ed2d2067d56,95,"['10', '14', '30', '32', '37', '41', '42', '43', '44', '48', '52', '56', '60', '82', '83', '86', '87', '97', '101', '105', '106', '127', '147', '149', '150', '155', '157', '158', '161', '173', '174', '179', '185', '186', '187', '198', '200', '201', '205', '231', '242', '249', '250', '252', '253', '257', '258', '261', '263', '264', '280', '281', '283', '285', '287', '289', '292', '293', '298', '299', '302', '308', '311', '327', '332', '333', '336', '340', '341', '342', '345', '347', '348', '363', '364', '365', '366', '370', '371', '377', '381', '393', '394', '396', '398', '400', '402', '406', '408', '410', '430', '431', '433', '437', '438']",106,"['0', '1', '17', '18', '19', '20', '21', '22', '23', '24', '33', '34', '93', '107', '108', '109', '111', '112', '115', '116', '117', '118', '119', '120', '122', '123', '124', '172', '188', '189', '190', '191', '192', '216', '217', '218', '219', '220', '221', '222', '223', '234', '235', '236', '237', '238', '239', '240', '241', '256', '265', '266', '269', '270', '271', '272', '273', '274', '275', '276', '277', '278', '279', '290', '304', '305', '306', '307', '317', '318', '319', '320', '321', '322', '323', '356', '357', '358', '359', '360', '361', '372', '373', '384', '386', '387', '388', '389', '390', '391', '392', '403', '415', '416', '417', '418', '419', '420', '421', '422', '423', '424', '425', '426', '428', '429']",95,"['10', '14', '30', '32', '37', '41', '42', '43', '44', '48', '52', '56', '60', '82', '83', '86', '87', '97', '101', '105', '106', '127', '147', '149', '150', '155', '157', '158', '161', '173', '174', '179', '185', '186', '187', '198', '200', '201', '205', '231', '242', '249', '250', '252', '253', '257', '258', '261', '263', '264', '280', '281', '283', '285', '287', '289', '292', '293', '298', '299', '302', '308', '311', '327', '332', '333', '336', '340', '341', '342', '345', '347', '348', '363', '364', '365', '366', '370', '371', '377', '381', '393', '394', '396', '398', '400', '402', '406', '408', '410', '430', '431', '433', '437', '438']"
85,137,"size == ""3""","isEmpty == ""False""","peek_obj_type == ""class java.lang.Integer""","calledMethod == ""push""","size_p == ""2""","isEmpty_p == ""False""","peek_obj_type_p == ""class java.lang.Integer""","calledMethod_p == ""push""",Yes,1597059728682:b2dfcb36-b874-4d8d-af59-1ccc2eef54c9,1597059728682:4a35371b-1ec1-4009-9e15-16ee5b2764d4,0,,3,"['183', '184', '290']",0,
86,138,"size == ""2""","isEmpty == ""False""","peek_obj_type == ""class java.lang.Integer""","calledMethod == ""pop""","size_p == ""3""","isEmpty_p == ""False""","peek_obj_type_p == ""class java.lang.Integer""","calledMethod_p == ""push""",Yes,1597059728682:b2dfcb36-b874-4d8d-af59-1ccc2eef54c9,1597059728682:4a35371b-1ec1-4009-9e15-16ee5b2764d4,0,,3,"['26', '183', '184']",0,
87,139,"size == ""4""","isEmpty == ""False""","peek_obj_type == ""class java.lang.Float""","calledMethod == ""push""","size_p == ""3""","isEmpty_p == ""False""","peek_obj_type_p == ""class java.lang.Long""","calledMethod_p == ""push""",Yes,1597059728679:ec332f4b-6924-438e-a5b8-9bbf0c17344d,1597059728679:3980cab0-97be-4862-bb36-7520e6087579,0,,5,"['129', '183', '184', '267', '290']",0,
88,140,"size == ""3""","isEmpty == ""False""","peek_obj_type == ""class java.lang.Long""","calledMethod == ""pop""","size_p == ""4""","isEmpty_p == ""False""","peek_obj_type_p == ""class experiment.drivers.AlejaStackTestDriver""","calledMethod_p == ""push""",Yes,1597059728679:045fff3d-3c84-4c25-81c1-88217d5906e3,1597059728679:70d4847a-270f-485f-97ad-c932a15660d3,0,,3,"['26', '183', '184']",0,
89,141,"size == ""2""","isEmpty == ""False""","peek_obj_type == ""class java.lang.String""","calledMethod == ""pop""","size_p == ""3""","isEmpty_p == ""False""","peek_obj_type_p == ""class java.lang.String""","calledMethod_p == ""push""",Yes,1597059728677:f51083a2-e079-4a04-a50c-1f75721e03e0,1597059728677:3f9f63e4-f871-4336-846b-bae5383d7bae,0,,3,"['26', '183', '184']",0,
90,143,"size == ""4""","isEmpty == ""False""","peek_obj_type == ""class java.lang.Class""","calledMethod == ""push""","size_p == ""3""","isEmpty_p == ""False""","peek_obj_type_p == ""class java.lang.Class""","calledMethod_p == ""push""",Yes,1597059728675:b2f748a6-b9e8-432d-b472-81b5bc9f8fbb,1597059728675:8de1b8ba-007b-4e59-aa11-e6e16a748687,0,,3,"['183', '184', '290']",0,
91,144,"size == ""3""","isEmpty == ""False""","peek_obj_type == ""class java.lang.Class""","calledMethod == ""pop""","size_p == ""4""","isEmpty_p == ""False""","peek_obj_type_p == ""class java.lang.Class""","calledMethod_p == ""push""",Yes,1597059728675:b2f748a6-b9e8-432d-b472-81b5bc9f8fbb,1597059728675:8de1b8ba-007b-4e59-aa11-e6e16a748687,0,,3,"['26', '183', '184']",0,
92,145,"size == ""5""","isEmpty == ""False""","peek_obj_type == ""class java.lang.Class""","calledMethod == ""push""","size_p == ""4""","isEmpty_p == ""False""","peek_obj_type_p == ""class java.lang.Double""","calledMethod_p == ""push""",Yes,1597059728671:3af6ba51-e2ce-4c73-a0fb-352f9bc557b5,1597059728672:e9c0f7a2-abc6-4521-8f57-d23a78c8e25e,0,,3,"['183', '184', '290']",0,
93,146,"size == ""3""","isEmpty == ""False""","peek_obj_type == ""class java.lang.Byte""","calledMethod == ""pop""","size_p == ""4""","isEmpty_p == ""False""","peek_obj_type_p == ""class java.lang.Float""","calledMethod_p == ""push""",Yes,1597059728664:dd4c4306-12ea-4899-9709-227301ec0245,1597059728665:17ade6f1-fea2-4f1f-864a-aae1571824b9,0,,3,"['26', '183', '184']",0,
94,148,"size == ""5""","isEmpty == ""False""","peek_obj_type == ""class experiment.drivers.AlejaStackTestDriver""","calledMethod == ""pop""","size_p == ""6""","isEmpty_p == ""False""","peek_obj_type_p == ""class java.lang.Short""","calledMethod_p == ""push""",Yes,1597059728663:69c22daf-6c2f-4304-854c-0de5db5c8cce,1597059728663:79fad69f-60bd-4395-b043-5e1a59926839,0,,3,"['26', '183', '184']",0,
95,149,"size == ""4""","isEmpty == ""False""","peek_obj_type == ""class java.lang.Float""","calledMethod == ""pop""","size_p == ""5""","isEmpty_p == ""False""","peek_obj_type_p == ""class experiment.drivers.AlejaStackTestDriver""","calledMethod_p == ""pop""",Yes,1597059728663:69c22daf-6c2f-4304-854c-0de5db5c8cce,1597059728663:79fad69f-60bd-4395-b043-5e1a59926839,0,,1,['267'],0,
96,151,"size == ""4""","isEmpty == ""False""","peek_obj_type == ""class java.lang.Float""","calledMethod == ""pop""","size_p == ""5""","isEmpty_p == ""False""","peek_obj_type_p == ""class java.lang.Double""","calledMethod_p == ""push""",Yes,1597059728659:431be187-711b-466b-aac6-7593b6a71c20,1597059728659:a5a958de-d28a-4783-b703-75c4bc8a3fdc,0,,4,"['26', '183', '184', '267']",0,
97,152,"size == ""6""","isEmpty == ""False""","peek_obj_type == ""class java.lang.Class""","calledMethod == ""push""","size_p == ""5""","isEmpty_p == ""False""","peek_obj_type_p == ""class java.lang.Class""","calledMethod_p == ""push""",Yes,1597059728657:42a0e8f4-ec6c-4cf3-a389-3c1abdc19382,1597059728657:3ce2b201-5927-49b5-9ec8-f4ad282fba9b,0,,3,"['183', '184', '290']",0,
98,153,"size == ""5""","isEmpty == ""False""","peek_obj_type == ""class java.lang.Class""","calledMethod == ""pop""","size_p == ""6""","isEmpty_p == ""False""","peek_obj_type_p == ""class java.lang.Class""","calledMethod_p == ""push""",Yes,1597059728657:42a0e8f4-ec6c-4cf3-a389-3c1abdc19382,1597059728657:3ce2b201-5927-49b5-9ec8-f4ad282fba9b,0,,3,"['26', '183', '184']",0,
99,154,"size == ""4""","isEmpty == ""False""","peek_obj_type == ""class java.lang.Float""","calledMethod == ""pop""","size_p == ""5""","isEmpty_p == ""False""","peek_obj_type_p == ""class java.lang.Class""","calledMethod_p == ""pop""",Yes,1597059728657:42a0e8f4-ec6c-4cf3-a389-3c1abdc19382,1597059728657:3ce2b201-5927-49b5-9ec8-f4ad282fba9b,0,,1,['267'],0,
100,157,"size == ""5""","isEmpty == ""False""","peek_obj_type == ""class java.lang.Boolean""","calledMethod == ""push""","size_p == ""4""","isEmpty_p == ""False""","peek_obj_type_p == ""class java.lang.Float""","calledMethod_p == ""push""",Yes,1597059728652:2050b1e9-c339-476d-bd4b-e88dc4022038,1597059728652:297c7231-1f06-4c25-88b5-06d450798582,0,,3,"['183', '184', '290']",0,
101,161,"size == ""3""","isEmpty == ""False""","peek_obj_type == ""class experiment.drivers.AlejaStackTestDriver""","calledMethod == ""push""","size_p == ""2""","isEmpty_p == ""False""","peek_obj_type_p == ""class experiment.drivers.AlejaStackTestDriver""","calledMethod_p == ""pop""",Yes,1597059728646:703f5852-66de-4579-904c-f900415465ee,1597059728646:cce2407f-a597-4e29-964b-969a0dd37476,0,,1,['290'],0,
102,162,"size == ""4""","isEmpty == ""False""","peek_obj_type == ""class java.lang.Long""","calledMethod == ""push""","size_p == ""3""","isEmpty_p == ""False""","peek_obj_type_p == ""class experiment.drivers.AlejaStackTestDriver""","calledMethod_p == ""push""",Yes,1597059728646:703f5852-66de-4579-904c-f900415465ee,1597059728646:cce2407f-a597-4e29-964b-969a0dd37476,0,,3,"['183', '184', '290']",0,
103,163,"size == ""2""","isEmpty == ""False""","peek_obj_type == ""class experiment.drivers.AlejaStackTestDriver""","calledMethod == ""pop""","size_p == ""3""","isEmpty_p == ""False""","peek_obj_type_p == ""class experiment.drivers.AlejaStackTestDriver""","calledMethod_p == ""pop""",Yes,1597059728640:6fa9d77d-175d-492c-bdc5-159776dc22f5,1597059728640:dfc2582b-a922-4091-9d56-e5a3dbaf661d,0,,0,,0,
104,164,"size == ""5""","isEmpty == ""False""","peek_obj_type == ""class experiment.drivers.AlejaStackTestDriver""","calledMethod == ""push""","size_p == ""4""","isEmpty_p == ""False""","peek_obj_type_p == ""class experiment.drivers.AlejaStackTestDriver""","calledMethod_p == ""push""",Yes,1597059728637:bc6eded2-8ecd-486a-9e0f-01889c54d610,1597059728637:0e22060d-d225-4d41-b6ba-e133f138c73f,0,,3,"['183', '184', '290']",0,
105,165,"size == ""4""","isEmpty == ""False""","peek_obj_type == ""class experiment.drivers.AlejaStackTestDriver""","calledMethod == ""pop""","size_p == ""5""","isEmpty_p == ""False""","peek_obj_type_p == ""class experiment.drivers.AlejaStackTestDriver""","calledMethod_p == ""push""",Yes,1597059728637:bc6eded2-8ecd-486a-9e0f-01889c54d610,1597059728637:0e22060d-d225-4d41-b6ba-e133f138c73f,0,,3,"['26', '183', '184']",0,
106,166,"size == ""6""","isEmpty == ""False""","peek_obj_type == ""class experiment.drivers.AlejaStackTestDriver""","calledMethod == ""push""","size_p == ""5""","isEmpty_p == ""False""","peek_obj_type_p == ""class java.lang.Class""","calledMethod_p == ""push""",Yes,1597059728633:def41e5e-158c-4085-8312-b08fb1606cbc,1597059728634:3bd0e009-2ee4-4fe4-ba4c-0f769be8e4b8,0,,3,"['183', '184', '290']",0,
107,167,"size == ""3""","isEmpty == ""False""","peek_obj_type == ""class java.lang.Short""","calledMethod == ""push""","size_p == ""2""","isEmpty_p == ""False""","peek_obj_type_p == ""class java.lang.Short""","calledMethod_p == ""pop""",Yes,1597059728628:421cc0b4-ba5f-45c1-89aa-f8f1d8553fea,1597059728628:5ac12d97-3375-4c8b-b1a1-cdf2caec933c,0,,1,['290'],0,
108,168,"size == ""2""","isEmpty == ""False""","peek_obj_type == ""class java.lang.Boolean""","calledMethod == ""push""","size_p == ""0""","isEmpty_p == ""True""","peek_obj_type_p == ""EmptyObject""","calledMethod_p == ""clear""",Yes,1597059728626:b698826e-3073-4ba9-bc4c-21f5357cc2cf,1597059728626:69902942-6110-46b2-9e8d-905f92d4821d,95,"['10', '14', '30', '32', '37', '41', '42', '43', '44', '48', '52', '56', '60', '82', '83', '86', '87', '97', '101', '105', '106', '127', '147', '149', '150', '155', '157', '158', '161', '173', '174', '179', '185', '186', '187', '198', '200', '201', '205', '231', '242', '249', '250', '252', '253', '257', '258', '261', '263', '264', '280', '281', '283', '285', '287', '289', '292', '293', '298', '299', '302', '308', '311', '327', '332', '333', '336', '340', '341', '342', '345', '347', '348', '363', '364', '365', '366', '370', '371', '377', '381', '393', '394', '396', '398', '400', '402', '406', '408', '410', '430', '431', '433', '437', '438']",106,"['0', '1', '17', '18', '19', '20', '21', '22', '23', '24', '33', '34', '93', '107', '108', '109', '111', '112', '115', '116', '117', '118', '119', '120', '122', '123', '124', '172', '188', '189', '190', '191', '192', '216', '217', '218', '219', '220', '221', '222', '223', '234', '235', '236', '237', '238', '239', '240', '241', '256', '265', '266', '269', '270', '271', '272', '273', '274', '275', '276', '277', '278', '279', '290', '304', '305', '306', '307', '317', '318', '319', '320', '321', '322', '323', '356', '357', '358', '359', '360', '361', '372', '373', '384', '386', '387', '388', '389', '390', '391', '392', '403', '415', '416', '417', '418', '419', '420', '421', '422', '423', '424', '425', '426', '428', '429']",95,"['10', '14', '30', '32', '37', '41', '42', '43', '44', '48', '52', '56', '60', '82', '83', '86', '87', '97', '101', '105', '106', '127', '147', '149', '150', '155', '157', '158', '161', '173', '174', '179', '185', '186', '187', '198', '200', '201', '205', '231', '242', '249', '250', '252', '253', '257', '258', '261', '263', '264', '280', '281', '283', '285', '287', '289', '292', '293', '298', '299', '302', '308', '311', '327', '332', '333', '336', '340', '341', '342', '345', '347', '348', '363', '364', '365', '366', '370', '371', '377', '381', '393', '394', '396', '398', '400', '402', '406', '408', '410', '430', '431', '433', '437', '438']"
109,170,"size == ""4""","isEmpty == ""False""","peek_obj_type == ""class java.lang.Float""","calledMethod == ""pop""","size_p == ""5""","isEmpty_p == ""False""","peek_obj_type_p == ""class experiment.drivers.AlejaStackTestDriver""","calledMethod_p == ""push""",Yes,1597059728624:12e75f08-224d-4325-9ae2-651c9623cdd7,1597059728625:26f23faa-2008-4318-88b8-51ad252a3908,0,,4,"['26', '183', '184', '267']",0,
110,171,"size == ""5""","isEmpty == ""False""","peek_obj_type == ""class java.lang.Class""","calledMethod == ""pop""","size_p == ""6""","isEmpty_p == ""False""","peek_obj_type_p == ""class experiment.drivers.AlejaStackTestDriver""","calledMethod_p == ""push""",Yes,1597059728621:3172cffd-656c-4d62-ad77-cf1d5cbfcc6f,1597059728621:9f0c2bee-e073-4ab6-a4b0-8d95e6f727c9,0,,3,"['26', '183', '184']",0,
111,172,"size == ""2""","isEmpty == ""False""","peek_obj_type == ""class java.lang.Double""","calledMethod == ""push""","size_p == ""0""","isEmpty_p == ""True""","peek_obj_type_p == ""EmptyObject""","calledMethod_p == ""pop""",Yes,1597059728619:fc269671-d3fb-4cdc-bf0f-cefaa2182533,1597059728619:afb14093-d60c-4ee7-a6f5-c0de2c6d7830,95,"['10', '14', '30', '32', '37', '41', '42', '43', '44', '48', '52', '56', '60', '82', '83', '86', '87', '97', '101', '105', '106', '127', '147', '149', '150', '155', '157', '158', '161', '173', '174', '179', '185', '186', '187', '198', '200', '201', '205', '231', '242', '249', '250', '252', '253', '257', '258', '261', '263', '264', '280', '281', '283', '285', '287', '289', '292', '293', '298', '299', '302', '308', '311', '327', '332', '333', '336', '340', '341', '342', '345', '347', '348', '363', '364', '365', '366', '370', '371', '377', '381', '393', '394', '396', '398', '400', '402', '406', '408', '410', '430', '431', '433', '437', '438']",87,"['0', '1', '17', '18', '19', '20', '21', '22', '23', '24', '33', '34', '107', '108', '111', '112', '115', '116', '117', '118', '119', '120', '216', '217', '218', '219', '220', '221', '222', '223', '234', '235', '236', '237', '238', '239', '240', '241', '265', '266', '269', '270', '271', '272', '273', '274', '275', '276', '290', '304', '305', '306', '307', '317', '318', '319', '320', '321', '322', '323', '356', '357', '358', '359', '360', '361', '372', '373', '386', '387', '389', '390', '403', '415', '416', '417', '418', '419', '420', '421', '422', '423', '424', '425', '426', '428', '429']",95,"['10', '14', '30', '32', '37', '41', '42', '43', '44', '48', '52', '56', '60', '82', '83', '86', '87', '97', '101', '105', '106', '127', '147', '149', '150', '155', '157', '158', '161', '173', '174', '179', '185', '186', '187', '198', '200', '201', '205', '231', '242', '249', '250', '252', '253', '257', '258', '261', '263', '264', '280', '281', '283', '285', '287', '289', '292', '293', '298', '299', '302', '308', '311', '327', '332', '333', '336', '340', '341', '342', '345', '347', '348', '363', '364', '365', '366', '370', '371', '377', '381', '393', '394', '396', '398', '400', '402', '406', '408', '410', '430', '431', '433', '437', '438']"
112,175,"size == ""4""","isEmpty == ""False""","peek_obj_type == ""class experiment.drivers.AlejaStackTestDriver""","calledMethod == ""push""","size_p == ""3""","isEmpty_p == ""False""","peek_obj_type_p == ""class java.lang.String""","calledMethod_p == ""push""",Yes,1597059728614:9101a2e9-e4e2-42b3-8c0e-77b9ce24f892,1597059728614:1f41f314-22df-4384-a1c0-6d9b5715ce32,0,,3,"['183', '184', '290']",0,
113,176,"size == ""3""","isEmpty == ""False""","peek_obj_type == ""class java.lang.String""","calledMethod == ""pop""","size_p == ""4""","isEmpty_p == ""False""","peek_obj_type_p == ""class experiment.drivers.AlejaStackTestDriver""","calledMethod_p == ""push""",Yes,1597059728614:9101a2e9-e4e2-42b3-8c0e-77b9ce24f892,1597059728614:1f41f314-22df-4384-a1c0-6d9b5715ce32,0,,3,"['26', '183', '184']",0,
114,177,"size == ""2""","isEmpty == ""False""","peek_obj_type == ""class java.lang.String""","calledMethod == ""pop""","size_p == ""3""","isEmpty_p == ""False""","peek_obj_type_p == ""class java.lang.String""","calledMethod_p == ""pop""",Yes,1597059728614:9101a2e9-e4e2-42b3-8c0e-77b9ce24f892,1597059728614:1f41f314-22df-4384-a1c0-6d9b5715ce32,0,,0,,0,
115,179,"size == ""4""","isEmpty == ""False""","peek_obj_type == ""class experiment.drivers.AlejaStackTestDriver""","calledMethod == ""push""","size_p == ""3""","isEmpty_p == ""False""","peek_obj_type_p == ""class java.lang.Byte""","calledMethod_p == ""push""",Yes,1597059728600:5833939d-6453-400d-9de0-405fe4974e0b,1597059728600:2152cdc9-e3cd-4c79-8a57-a31a77c66aa6,0,,3,"['183', '184', '290']",0,
116,180,"size == ""3""","isEmpty == ""False""","peek_obj_type == ""class java.lang.Byte""","calledMethod == ""pop""","size_p == ""4""","isEmpty_p == ""False""","peek_obj_type_p == ""class experiment.drivers.AlejaStackTestDriver""","calledMethod_p == ""push""",Yes,1597059728600:5833939d-6453-400d-9de0-405fe4974e0b,1597059728600:2152cdc9-e3cd-4c79-8a57-a31a77c66aa6,0,,3,"['26', '183', '184']",0,
117,183,"size == ""5""","isEmpty == ""False""","peek_obj_type == ""class experiment.drivers.AlejaStackTestDriver""","calledMethod == ""push""","size_p == ""4""","isEmpty_p == ""False""","peek_obj_type_p == ""class java.lang.Short""","calledMethod_p == ""push""",Yes,1597059728564:0b90cced-c22d-4370-96d0-4d40ddb17f0b,1597059728564:e5bff812-89f4-42b1-be3d-926cfab54f86,0,,3,"['183', '184', '290']",0,
118,184,"size == ""4""","isEmpty == ""False""","peek_obj_type == ""class java.lang.Class""","calledMethod == ""push""","size_p == ""3""","isEmpty_p == ""False""","peek_obj_type_p == ""class java.lang.Long""","calledMethod_p == ""push""",Yes,1597059728553:418b879a-51fe-400f-a9eb-9f35153c15de,1597059728553:12827d69-7ca1-4efd-9510-441a4b9f4707,0,,3,"['183', '184', '290']",0,
119,186,"size == ""5""","isEmpty == ""False""","peek_obj_type == ""class java.lang.Class""","calledMethod == ""push""","size_p == ""4""","isEmpty_p == ""False""","peek_obj_type_p == ""class java.lang.Boolean""","calledMethod_p == ""push""",Yes,1597059728553:21c51fee-97c1-4683-9773-40b2e1b3bc28,1597059728553:323ab149-d733-4fb7-a9b7-e162ca432af7,0,,3,"['183', '184', '290']",0,
120,187,"size == ""4""","isEmpty == ""False""","peek_obj_type == ""class java.lang.Boolean""","calledMethod == ""push""","size_p == ""3""","isEmpty_p == ""False""","peek_obj_type_p == ""class java.lang.Float""","calledMethod_p == ""push""",Yes,1597059728552:5e20ed8b-5e45-4162-8aa1-f6614af0b90d,1597059728552:ba435161-c50a-468b-a6bf-43d6b65625c6,0,,3,"['183', '184', '290']",0,
121,188,"size == ""3""","isEmpty == ""False""","peek_obj_type == ""class java.lang.Float""","calledMethod == ""pop""","size_p == ""4""","isEmpty_p == ""False""","peek_obj_type_p == ""class java.lang.Boolean""","calledMethod_p == ""push""",Yes,1597059728552:5e20ed8b-5e45-4162-8aa1-f6614af0b90d,1597059728552:ba435161-c50a-468b-a6bf-43d6b65625c6,0,,4,"['26', '183', '184', '267']",0,
122,189,"size == ""4""","isEmpty == ""False""","peek_obj_type == ""class java.lang.Boolean""","calledMethod == ""push""","size_p == ""3""","isEmpty_p == ""False""","peek_obj_type_p == ""class java.lang.Float""","calledMethod_p == ""pop""",Yes,1597059728552:5e20ed8b-5e45-4162-8aa1-f6614af0b90d,1597059728552:ba435161-c50a-468b-a6bf-43d6b65625c6,0,,1,['290'],0,
123,192,"size == ""4""","isEmpty == ""False""","peek_obj_type == ""class experiment.drivers.AlejaStackTestDriver""","calledMethod == ""push""","size_p == ""3""","isEmpty_p == ""False""","peek_obj_type_p == ""class experiment.drivers.AlejaStackTestDriver""","calledMethod_p == ""push""",Yes,1597059728545:022e8836-84f9-411d-beb2-51536d8089bf,1597059728545:d1c857c4-2f39-45a8-ba2a-7f892a8e6185,0,,3,"['183', '184', '290']",0,
124,193,"size == ""5""","isEmpty == ""False""","peek_obj_type == ""class experiment.drivers.AlejaStackTestDriver""","calledMethod == ""pop""","size_p == ""6""","isEmpty_p == ""False""","peek_obj_type_p == ""class java.lang.Float""","calledMethod_p == ""push""",Yes,1597059728536:0b7779a1-33d5-41e7-9e96-9c3b59cf376f,1597059728536:d0f7f327-9165-4f08-ab90-86e984961492,0,,3,"['26', '183', '184']",0,
125,194,"size == ""5""","isEmpty == ""False""","peek_obj_type == ""class java.lang.Long""","calledMethod == ""push""","size_p == ""4""","isEmpty_p == ""False""","peek_obj_type_p == ""class java.lang.Float""","calledMethod_p == ""push""",Yes,1597059728525:04bc1ffa-2bc5-4528-a897-c568134fd92d,1597059728525:6520c4cc-d634-49f6-a164-ab8388a49fcf,0,,3,"['183', '184', '290']",0,
126,195,"size == ""4""","isEmpty == ""False""","peek_obj_type == ""class java.lang.Short""","calledMethod == ""pop""","size_p == ""5""","isEmpty_p == ""False""","peek_obj_type_p == ""class experiment.drivers.AlejaStackTestDriver""","calledMethod_p == ""push""",Yes,1597059728490:314ad81d-32c1-457c-b15e-dce103dbb266,1597059728490:349c7e4d-833e-49f7-81c3-a7fbb5a86aa3,0,,3,"['26', '183', '184']",0,
127,197,"size == ""2""","isEmpty == ""False""","peek_obj_type == ""class java.lang.Double""","calledMethod == ""pop""","size_p == ""3""","isEmpty_p == ""False""","peek_obj_type_p == ""class java.lang.Double""","calledMethod_p == ""push""",Yes,1597059728475:00a34b60-89f4-433f-a792-b41f3bc29c82,1597059728475:bc35db47-e301-4708-a5d0-23e6b00d1afd,0,,3,"['26', '183', '184']",0,
128,198,"size == ""4""","isEmpty == ""False""","peek_obj_type == ""class experiment.drivers.AlejaStackTestDriver""","calledMethod == ""push""","size_p == ""3""","isEmpty_p == ""False""","peek_obj_type_p == ""class java.lang.Short""","calledMethod_p == ""push""",Yes,1597059728468:c6732050-b560-4b12-87cc-c78b63de1313,1597059728468:83347bb5-fa6d-4c6e-acb2-ff714ffbb36a,0,,3,"['183', '184', '290']",0,
129,199,"size == ""4""","isEmpty == ""False""","peek_obj_type == ""class java.lang.Boolean""","calledMethod == ""pop""","size_p == ""5""","isEmpty_p == ""False""","peek_obj_type_p == ""class experiment.drivers.AlejaStackTestDriver""","calledMethod_p == ""pop""",Yes,1597059728458:717f7fd9-6ff4-488c-a015-95944917f6fe,1597059728458:387688bb-fca8-4036-a214-dcbf4fc0179e,0,,0,,0,
130,200,"size == ""3""","isEmpty == ""False""","peek_obj_type == ""class java.lang.Long""","calledMethod == ""pop""","size_p == ""4""","isEmpty_p == ""False""","peek_obj_type_p == ""class java.lang.Boolean""","calledMethod_p == ""pop""",Yes,1597059728458:12fa1ea3-b557-423e-b9c6-0bddfe706275,1597059728458:b1041a66-6153-4839-b9f1-ea8be00830d7,0,,0,,0,
131,201,"size == ""5""","isEmpty == ""False""","peek_obj_type == ""class experiment.drivers.AlejaStackTestDriver""","calledMethod == ""push""","size_p == ""4""","isEmpty_p == ""False""","peek_obj_type_p == ""class java.lang.Class""","calledMethod_p == ""push""",Yes,1597059728451:dcaff684-4f32-408d-8750-5bfed22e0148,1597059728451:eaf0aa32-f1b1-4c30-be64-0f23943b2007,0,,3,"['183', '184', '290']",0,
132,202,"size == ""4""","isEmpty == ""False""","peek_obj_type == ""class java.lang.Class""","calledMethod == ""pop""","size_p == ""5""","isEmpty_p == ""False""","peek_obj_type_p == ""class experiment.drivers.AlejaStackTestDriver""","calledMethod_p == ""push""",Yes,1597059728451:dcaff684-4f32-408d-8750-5bfed22e0148,1597059728451:eaf0aa32-f1b1-4c30-be64-0f23943b2007,0,,3,"['26', '183', '184']",0,
133,203,"size == ""3""","isEmpty == ""False""","peek_obj_type == ""class experiment.drivers.AlejaStackTestDriver""","calledMethod == ""pop""","size_p == ""4""","isEmpty_p == ""False""","peek_obj_type_p == ""class java.lang.Class""","calledMethod_p == ""pop""",Yes,1597059728451:dcaff684-4f32-408d-8750-5bfed22e0148,1597059728451:eaf0aa32-f1b1-4c30-be64-0f23943b2007,0,,0,,0,
134,204,"size == ""4""","isEmpty == ""False""","peek_obj_type == ""class java.lang.Double""","calledMethod == ""pop""","size_p == ""5""","isEmpty_p == ""False""","peek_obj_type_p == ""class java.lang.Boolean""","calledMethod_p == ""push""",Yes,1597059728428:9be9e392-615f-47d6-8796-5f131950798f,1597059728428:85a6e3de-a995-4159-a617-ceb36c1d8c87,0,,3,"['26', '183', '184']",0,
135,205,"size == ""5""","isEmpty == ""False""","peek_obj_type == ""class java.lang.Boolean""","calledMethod == ""pop""","size_p == ""6""","isEmpty_p == ""False""","peek_obj_type_p == ""class experiment.drivers.AlejaStackTestDriver""","calledMethod_p == ""push""",Yes,1597059728403:70481fc7-8730-42c7-9f4f-833e5b98543f,1597059728403:8a74aa4d-f20e-4ac1-bb29-bac3dd7f02a3,0,,3,"['26', '183', '184']",0,
136,206,"size == ""4""","isEmpty == ""False""","peek_obj_type == ""class java.lang.Double""","calledMethod == ""pop""","size_p == ""5""","isEmpty_p == ""False""","peek_obj_type_p == ""class java.lang.Boolean""","calledMethod_p == ""pop""",Yes,1597059728403:70481fc7-8730-42c7-9f4f-833e5b98543f,1597059728403:8a74aa4d-f20e-4ac1-bb29-bac3dd7f02a3,0,,0,,0,
137,207,"size == ""4""","isEmpty == ""False""","peek_obj_type == ""class java.lang.Byte""","calledMethod == ""push""","size_p == ""3""","isEmpty_p == ""False""","peek_obj_type_p == ""class java.lang.Long""","calledMethod_p == ""push""",Yes,1597059728402:3512fe41-8ba0-4b14-b565-d36e0f31eaa7,1597059728402:d26ee0a3-d050-43e2-af5d-377472b9b4da,0,,3,"['183', '184', '290']",0,
138,209,"size == ""4""","isEmpty == ""False""","peek_obj_type == ""class experiment.drivers.AlejaStackTestDriver""","calledMethod == ""push""","size_p == ""3""","isEmpty_p == ""False""","peek_obj_type_p == ""class java.lang.Float""","calledMethod_p == ""pop""",Yes,1597059728383:3876a7a9-c61e-4ebf-9a68-edde0c1e9bf7,1597059728383:fa952754-024e-4db5-8a83-7d37b49356cc,0,,1,['290'],0,
139,210,"size == ""3""","isEmpty == ""False""","peek_obj_type == ""class experiment.drivers.AlejaStackTestDriver""","calledMethod == ""pop""","size_p == ""4""","isEmpty_p == ""False""","peek_obj_type_p == ""class experiment.drivers.AlejaStackTestDriver""","calledMethod_p == ""push""",Yes,1597059728365:4f78a2e5-a38c-43de-85d8-fdef13bf6813,1597059728365:b0b88102-6dd1-4453-a4fc-6c657e8a7d65,0,,3,"['26', '183', '184']",0,
140,211,"size == ""2""","isEmpty == ""False""","peek_obj_type == ""class java.lang.Short""","calledMethod == ""push""","size_p == ""0""","isEmpty_p == ""True""","peek_obj_type_p == ""EmptyObject""","calledMethod_p == ""clear""",Yes,1597059728364:4fb9ef4d-66e0-4953-801b-6b247ed0c859,1597059728364:ebee9c64-9ab5-4b9f-8dcc-e84a9c8a157a,95,"['10', '14', '30', '32', '37', '41', '42', '43', '44', '48', '52', '56', '60', '82', '83', '86', '87', '97', '101', '105', '106', '127', '147', '149', '150', '155', '157', '158', '161', '173', '174', '179', '185', '186', '187', '198', '200', '201', '205', '231', '242', '249', '250', '252', '253', '257', '258', '261', '263', '264', '280', '281', '283', '285', '287', '289', '292', '293', '298', '299', '302', '308', '311', '327', '332', '333', '336', '340', '341', '342', '345', '347', '348', '363', '364', '365', '366', '370', '371', '377', '381', '393', '394', '396', '398', '400', '402', '406', '408', '410', '430', '431', '433', '437', '438']",106,"['0', '1', '17', '18', '19', '20', '21', '22', '23', '24', '33', '34', '93', '107', '108', '109', '111', '112', '115', '116', '117', '118', '119', '120', '122', '123', '124', '172', '188', '189', '190', '191', '192', '216', '217', '218', '219', '220', '221', '222', '223', '234', '235', '236', '237', '238', '239', '240', '241', '256', '265', '266', '269', '270', '271', '272', '273', '274', '275', '276', '277', '278', '279', '290', '304', '305', '306', '307', '317', '318', '319', '320', '321', '322', '323', '356', '357', '358', '359', '360', '361', '372', '373', '384', '386', '387', '388', '389', '390', '391', '392', '403', '415', '416', '417', '418', '419', '420', '421', '422', '423', '424', '425', '426', '428', '429']",95,"['10', '14', '30', '32', '37', '41', '42', '43', '44', '48', '52', '56', '60', '82', '83', '86', '87', '97', '101', '105', '106', '127', '147', '149', '150', '155', '157', '158', '161', '173', '174', '179', '185', '186', '187', '198', '200', '201', '205', '231', '242', '249', '250', '252', '253', '257', '258', '261', '263', '264', '280', '281', '283', '285', '287', '289', '292', '293', '298', '299', '302', '308', '311', '327', '332', '333', '336', '340', '341', '342', '345', '347', '348', '363', '364', '365', '366', '370', '371', '377', '381', '393', '394', '396', '398', '400', '402', '406', '408', '410', '430', '431', '433', '437', '438']"
141,212,"size == ""2""","isEmpty == ""False""","peek_obj_type == ""class java.lang.Character""","calledMethod == ""push""","size_p == ""0""","isEmpty_p == ""True""","peek_obj_type_p == ""EmptyObject""","calledMethod_p == ""clear""",Yes,1597059728344:c6dad64f-4b13-41a1-86cd-2baf5252f3a0,1597059728344:f23c5ce0-0227-4f76-bf8c-afc7cbcd80ab,95,"['10', '14', '30', '32', '37', '41', '42', '43', '44', '48', '52', '56', '60', '82', '83', '86', '87', '97', '101', '105', '106', '127', '147', '149', '150', '155', '157', '158', '161', '173', '174', '179', '185', '186', '187', '198', '200', '201', '205', '231', '242', '249', '250', '252', '253', '257', '258', '261', '263', '264', '280', '281', '283', '285', '287', '289', '292', '293', '298', '299', '302', '308', '311', '327', '332', '333', '336', '340', '341', '342', '345', '347', '348', '363', '364', '365', '366', '370', '371', '377', '381', '393', '394', '396', '398', '400', '402', '406', '408', '410', '430', '431', '433', '437', '438']",106,"['0', '1', '17', '18', '19', '20', '21', '22', '23', '24', '33', '34', '93', '107', '108', '109', '111', '112', '115', '116', '117', '118', '119', '120', '122', '123', '124', '172', '188', '189', '190', '191', '192', '216', '217', '218', '219', '220', '221', '222', '223', '234', '235', '236', '237', '238', '239', '240', '241', '256', '265', '266', '269', '270', '271', '272', '273', '274', '275', '276', '277', '278', '279', '290', '304', '305', '306', '307', '317', '318', '319', '320', '321', '322', '323', '356', '357', '358', '359', '360', '361', '372', '373', '384', '386', '387', '388', '389', '390', '391', '392', '403', '415', '416', '417', '418', '419', '420', '421', '422', '423', '424', '425', '426', '428', '429']",95,"['10', '14', '30', '32', '37', '41', '42', '43', '44', '48', '52', '56', '60', '82', '83', '86', '87', '97', '101', '105', '106', '127', '147', '149', '150', '155', '157', '158', '161', '173', '174', '179', '185', '186', '187', '198', '200', '201', '205', '231', '242', '249', '250', '252', '253', '257', '258', '261', '263', '264', '280', '281', '283', '285', '287', '289', '292', '293', '298', '299', '302', '308', '311', '327', '332', '333', '336', '340', '341', '342', '345', '347', '348', '363', '364', '365', '366', '370', '371', '377', '381', '393', '394', '396', '398', '400', '402', '406', '408', '410', '430', '431', '433', '437', '438']"
142,213,"size == ""6""","isEmpty == ""False""","peek_obj_type == ""class experiment.drivers.AlejaStackTestDriver""","calledMethod == ""push""","size_p == ""5""","isEmpty_p == ""False""","peek_obj_type_p == ""class experiment.drivers.AlejaStackTestDriver""","calledMethod_p == ""push""",Yes,1597059728330:cf8f55ae-695a-421f-8d76-cf1bd0a2c6af,1597059728330:cf16062d-eba8-4a35-b3f7-64f25c102fde,0,,3,"['183', '184', '290']",0,
143,214,"size == ""5""","isEmpty == ""False""","peek_obj_type == ""class experiment.drivers.AlejaStackTestDriver""","calledMethod == ""pop""","size_p == ""6""","isEmpty_p == ""False""","peek_obj_type_p == ""class experiment.drivers.AlejaStackTestDriver""","calledMethod_p == ""push""",Yes,1597059728330:cf8f55ae-695a-421f-8d76-cf1bd0a2c6af,1597059728330:cf16062d-eba8-4a35-b3f7-64f25c102fde,0,,3,"['26', '183', '184']",0,
144,216,"size == ""4""","isEmpty == ""False""","peek_obj_type == ""class java.lang.Integer""","calledMethod == ""push""","size_p == ""3""","isEmpty_p == ""False""","peek_obj_type_p == ""class java.lang.Long""","calledMethod_p == ""push""",Yes,1597059728300:c878cf9e-3a26-4015-a690-67e2fbea5500,1597059728300:52420553-c621-4d75-8502-3bff22e88cd8,0,,3,"['183', '184', '290']",0,
145,217,"size == ""3""","isEmpty == ""False""","peek_obj_type == ""class java.lang.Long""","calledMethod == ""pop""","size_p == ""4""","isEmpty_p == ""False""","peek_obj_type_p == ""class java.lang.Integer""","calledMethod_p == ""push""",Yes,1597059728300:c878cf9e-3a26-4015-a690-67e2fbea5500,1597059728300:52420553-c621-4d75-8502-3bff22e88cd8,0,,3,"['26', '183', '184']",0,
146,218,"size == ""2""","isEmpty == ""False""","peek_obj_type == ""class java.lang.Byte""","calledMethod == ""pop""","size_p == ""3""","isEmpty_p == ""False""","peek_obj_type_p == ""class java.lang.Byte""","calledMethod_p == ""pop""",Yes,1597059728263:e5bb8dab-fc36-44fe-b4be-69fe97704276,1597059728263:1156cf06-507b-4951-82d0-1842bae7baf2,0,,0,,0,
147,220,"size == ""6""","isEmpty == ""False""","peek_obj_type == ""class java.lang.Byte""","calledMethod == ""push""","size_p == ""5""","isEmpty_p == ""False""","peek_obj_type_p == ""class java.lang.Class""","calledMethod_p == ""push""",Yes,1597059728223:2cee7095-e3b0-4afc-8863-0fbb880a7061,1597059728223:18c81d17-231e-4b4a-abb5-e1d52f5bd9c0,0,,3,"['183', '184', '290']",0,
148,221,"size == ""6""","isEmpty == ""False""","peek_obj_type == ""class java.lang.Short""","calledMethod == ""pop""","size_p == ""7""","isEmpty_p == ""False""","peek_obj_type_p == ""class experiment.drivers.AlejaStackTestDriver""","calledMethod_p == ""push""",Yes,1597059728221:a1673055-936e-4777-b275-1ebdaa73f709,1597059728221:6081601b-b6e2-43b1-a788-5bd2933ea07a,0,,3,"['26', '183', '184']",0,
149,222,"size == ""5""","isEmpty == ""False""","peek_obj_type == ""class java.lang.Class""","calledMethod == ""push""","size_p == ""4""","isEmpty_p == ""False""","peek_obj_type_p == ""class experiment.drivers.AlejaStackTestDriver""","calledMethod_p == ""push""",Yes,1597059728220:484e12a0-1bb0-48f0-a6f3-a0d377baeea3,1597059728220:cbe5d326-4b25-43f7-a819-b27409f632ee,0,,3,"['183', '184', '290']",0,
150,223,"size == ""4""","isEmpty == ""False""","peek_obj_type == ""class java.lang.Double""","calledMethod == ""pop""","size_p == ""5""","isEmpty_p == ""False""","peek_obj_type_p == ""class java.lang.Class""","calledMethod_p == ""push""",Yes,1597059728219:9238bbef-cfd3-4adc-b9e1-d6d738f4ab34,1597059728219:79daa03e-47dd-49b1-9ca1-9335e9e43577,0,,3,"['26', '183', '184']",0,
151,224,"size == ""3""","isEmpty == ""False""","peek_obj_type == ""class java.lang.Short""","calledMethod == ""pop""","size_p == ""4""","isEmpty_p == ""False""","peek_obj_type_p == ""class java.lang.Double""","calledMethod_p == ""pop""",Yes,1597059728216:34b17ff8-f16e-4928-a805-737f0ec3f3b7,1597059728216:43d8acbf-ccfa-4e30-a59b-5b1adb98099c,0,,0,,0,
152,225,"size == ""6""","isEmpty == ""False""","peek_obj_type == ""class java.lang.Class""","calledMethod == ""push""","size_p == ""5""","isEmpty_p == ""False""","peek_obj_type_p == ""class java.lang.Float""","calledMethod_p == ""push""",Yes,1597059728183:a9c2461f-ba32-44fd-9a43-aca4eaf79d8d,1597059728183:bc2c0a69-7e4d-4a83-b591-eca6b3843cba,0,,3,"['183', '184', '290']",0,
153,226,"size == ""4""","isEmpty == ""False""","peek_obj_type == ""class java.lang.Integer""","calledMethod == ""push""","size_p == ""3""","isEmpty_p == ""False""","peek_obj_type_p == ""class java.lang.Float""","calledMethod_p == ""push""",Yes,1597059728166:38284a5e-da43-4fdf-9b9b-d454cb288e81,1597059728166:c61b54be-1801-430b-b3df-556e2f3f45d1,0,,3,"['183', '184', '290']",0,
154,228,"size == ""3""","isEmpty == ""False""","peek_obj_type == ""class java.lang.Float""","calledMethod == ""pop""","size_p == ""4""","isEmpty_p == ""False""","peek_obj_type_p == ""class java.lang.Long""","calledMethod_p == ""push""",Yes,1597059727937:d21d43fb-ea84-4286-b047-7fe980992abb,1597059727937:14b609ac-7043-49bc-945d-9a1d670390e1,0,,4,"['26', '183', '184', '267']",0,
155,230,"size == ""2""","isEmpty == ""False""","peek_obj_type == ""class java.lang.Byte""","calledMethod == ""push""","size_p == ""0""","isEmpty_p == ""True""","peek_obj_type_p == ""EmptyObject""","calledMethod_p == ""clear""",Yes,1597059727887:4319b49f-6d04-4d2a-97cc-138aaceb84f9,1597059727887:a70347d3-94eb-4cc2-9e78-c8b3a267f822,95,"['10', '14', '30', '32', '37', '41', '42', '43', '44', '48', '52', '56', '60', '82', '83', '86', '87', '97', '101', '105', '106', '127', '147', '149', '150', '155', '157', '158', '161', '173', '174', '179', '185', '186', '187', '198', '200', '201', '205', '231', '242', '249', '250', '252', '253', '257', '258', '261', '263', '264', '280', '281', '283', '285', '287', '289', '292', '293', '298', '299', '302', '308', '311', '327', '332', '333', '336', '340', '341', '342', '345', '347', '348', '363', '364', '365', '366', '370', '371', '377', '381', '393', '394', '396', '398', '400', '402', '406', '408', '410', '430', '431', '433', '437', '438']",106,"['0', '1', '17', '18', '19', '20', '21', '22', '23', '24', '33', '34', '93', '107', '108', '109', '111', '112', '115', '116', '117', '118', '119', '120', '122', '123', '124', '172', '188', '189', '190', '191', '192', '216', '217', '218', '219', '220', '221', '222', '223', '234', '235', '236', '237', '238', '239', '240', '241', '256', '265', '266', '269', '270', '271', '272', '273', '274', '275', '276', '277', '278', '279', '290', '304', '305', '306', '307', '317', '318', '319', '320', '321', '322', '323', '356', '357', '358', '359', '360', '361', '372', '373', '384', '386', '387', '388', '389', '390', '391', '392', '403', '415', '416', '417', '418', '419', '420', '421', '422', '423', '424', '425', '426', '428', '429']",95,"['10', '14', '30', '32', '37', '41', '42', '43', '44', '48', '52', '56', '60', '82', '83', '86', '87', '97', '101', '105', '106', '127', '147', '149', '150', '155', '157', '158', '161', '173', '174', '179', '185', '186', '187', '198', '200', '201', '205', '231', '242', '249', '250', '252', '253', '257', '258', '261', '263', '264', '280', '281', '283', '285', '287', '289', '292', '293', '298', '299', '302', '308', '311', '327', '332', '333', '336', '340', '341', '342', '345', '347', '348', '363', '364', '365', '366', '370', '371', '377', '381', '393', '394', '396', '398', '400', '402', '406', '408', '410', '430', '431', '433', '437', '438']"
